results_dir,model,mode,domain,experiment,callable,game_id,played,round_count,success,lose,aborted,main_score,quality_score,request_count,parsed_request_count,violated_request_count,parse_error_count,runtime_error_count,internal_consistency_score,internal_consistency_violations,turns_used,max_turns,efficiency_raw,tolerance_used,baseline_kind,n_test_cases_logged,instance_path,scores_path,experiment_path,interactions_path,n_test_cases,correct_guess,binary_accuracy,passed_test_cases,failed_test_cases,pass_rate,closeness_bucket,failure_reason,observed_pair_consistency,guess_turn,budget_used_ratio,remaining_turn_budget,guess_outcome,is_oneshot,is_interactive
active_pair_checks,Qwen3.6-35B-A3B-FP8,active_pair_checks,numbers,numbers_active_pair_checks,absolute_value,2,True,1,False,False,True,0.0,0.0,1,0,1,1,0,0.0,0,0,15,0.0,0,,100,/Users/shahrukh/Documents/Shahrukh_Thesis/Alien-Abduction/results/active_pair_checks/Qwen3.6-35B-A3B-FP8/numbers_active_pair_checks/instance_00002/instance.json,/Users/shahrukh/Documents/Shahrukh_Thesis/Alien-Abduction/results/active_pair_checks/Qwen3.6-35B-A3B-FP8/numbers_active_pair_checks/instance_00002/scores.json,/Users/shahrukh/Documents/Shahrukh_Thesis/Alien-Abduction/results/active_pair_checks/Qwen3.6-35B-A3B-FP8/numbers_active_pair_checks/experiment.json,/Users/shahrukh/Documents/Shahrukh_Thesis/Alien-Abduction/results/active_pair_checks/Qwen3.6-35B-A3B-FP8/numbers_active_pair_checks/instance_00002/interactions.json,100,False,0,0,100,0.0,failure,aborted,0.0,1,0.06666666666666667,14,wrong,False,True
active_pair_checks,Qwen3.6-35B-A3B-FP8,active_pair_checks,numbers,numbers_active_pair_checks,add_one,8,True,1,False,False,True,0.0,0.0,1,0,1,1,0,0.0,0,0,15,0.0,0,,100,/Users/shahrukh/Documents/Shahrukh_Thesis/Alien-Abduction/results/active_pair_checks/Qwen3.6-35B-A3B-FP8/numbers_active_pair_checks/instance_00008/instance.json,/Users/shahrukh/Documents/Shahrukh_Thesis/Alien-Abduction/results/active_pair_checks/Qwen3.6-35B-A3B-FP8/numbers_active_pair_checks/instance_00008/scores.json,/Users/shahrukh/Documents/Shahrukh_Thesis/Alien-Abduction/results/active_pair_checks/Qwen3.6-35B-A3B-FP8/numbers_active_pair_checks/experiment.json,/Users/shahrukh/Documents/Shahrukh_Thesis/Alien-Abduction/results/active_pair_checks/Qwen3.6-35B-A3B-FP8/numbers_active_pair_checks/instance_00008/interactions.json,100,False,0,0,100,0.0,failure,aborted,0.0,1,0.06666666666666667,14,wrong,False,True
active_pair_checks,Qwen3.6-35B-A3B-FP8,active_pair_checks,numbers,numbers_active_pair_checks,clamp_to_0_9,14,True,1,False,False,True,0.0,0.0,1,0,1,1,0,0.0,0,0,15,0.0,0,,100,/Users/shahrukh/Documents/Shahrukh_Thesis/Alien-Abduction/results/active_pair_checks/Qwen3.6-35B-A3B-FP8/numbers_active_pair_checks/instance_00014/instance.json,/Users/shahrukh/Documents/Shahrukh_Thesis/Alien-Abduction/results/active_pair_checks/Qwen3.6-35B-A3B-FP8/numbers_active_pair_checks/instance_00014/scores.json,/Users/shahrukh/Documents/Shahrukh_Thesis/Alien-Abduction/results/active_pair_checks/Qwen3.6-35B-A3B-FP8/numbers_active_pair_checks/experiment.json,/Users/shahrukh/Documents/Shahrukh_Thesis/Alien-Abduction/results/active_pair_checks/Qwen3.6-35B-A3B-FP8/numbers_active_pair_checks/instance_00014/interactions.json,100,False,0,0,100,0.0,failure,aborted,0.0,1,0.06666666666666667,14,wrong,False,True
active_pair_checks,Qwen3.6-35B-A3B-FP8,active_pair_checks,numbers,numbers_active_pair_checks,is_even,20,True,1,False,False,True,0.0,0.0,1,0,1,1,0,0.0,0,0,15,0.0,0,,100,/Users/shahrukh/Documents/Shahrukh_Thesis/Alien-Abduction/results/active_pair_checks/Qwen3.6-35B-A3B-FP8/numbers_active_pair_checks/instance_00020/instance.json,/Users/shahrukh/Documents/Shahrukh_Thesis/Alien-Abduction/results/active_pair_checks/Qwen3.6-35B-A3B-FP8/numbers_active_pair_checks/instance_00020/scores.json,/Users/shahrukh/Documents/Shahrukh_Thesis/Alien-Abduction/results/active_pair_checks/Qwen3.6-35B-A3B-FP8/numbers_active_pair_checks/experiment.json,/Users/shahrukh/Documents/Shahrukh_Thesis/Alien-Abduction/results/active_pair_checks/Qwen3.6-35B-A3B-FP8/numbers_active_pair_checks/instance_00020/interactions.json,100,False,0,0,100,0.0,failure,aborted,0.0,1,0.06666666666666667,14,wrong,False,True
active_pair_checks,Qwen3.6-35B-A3B-FP8,active_pair_checks,numbers,numbers_active_pair_checks,sign_label,26,True,1,False,False,True,0.0,0.0,1,0,1,1,0,0.0,0,0,15,0.0,0,,100,/Users/shahrukh/Documents/Shahrukh_Thesis/Alien-Abduction/results/active_pair_checks/Qwen3.6-35B-A3B-FP8/numbers_active_pair_checks/instance_00026/instance.json,/Users/shahrukh/Documents/Shahrukh_Thesis/Alien-Abduction/results/active_pair_checks/Qwen3.6-35B-A3B-FP8/numbers_active_pair_checks/instance_00026/scores.json,/Users/shahrukh/Documents/Shahrukh_Thesis/Alien-Abduction/results/active_pair_checks/Qwen3.6-35B-A3B-FP8/numbers_active_pair_checks/experiment.json,/Users/shahrukh/Documents/Shahrukh_Thesis/Alien-Abduction/results/active_pair_checks/Qwen3.6-35B-A3B-FP8/numbers_active_pair_checks/instance_00026/interactions.json,100,False,0,0,100,0.0,failure,aborted,0.0,1,0.06666666666666667,14,wrong,False,True
active_pair_checks,Qwen3.6-35B-A3B-FP8,active_pair_checks,two_numbers,two_numbers_active_pair_checks,min_value,32,True,1,False,False,True,0.0,0.0,1,0,1,1,0,0.0,0,0,15,0.0,0,,100,/Users/shahrukh/Documents/Shahrukh_Thesis/Alien-Abduction/results/active_pair_checks/Qwen3.6-35B-A3B-FP8/two_numbers_active_pair_checks/instance_00032/instance.json,/Users/shahrukh/Documents/Shahrukh_Thesis/Alien-Abduction/results/active_pair_checks/Qwen3.6-35B-A3B-FP8/two_numbers_active_pair_checks/instance_00032/scores.json,/Users/shahrukh/Documents/Shahrukh_Thesis/Alien-Abduction/results/active_pair_checks/Qwen3.6-35B-A3B-FP8/two_numbers_active_pair_checks/experiment.json,/Users/shahrukh/Documents/Shahrukh_Thesis/Alien-Abduction/results/active_pair_checks/Qwen3.6-35B-A3B-FP8/two_numbers_active_pair_checks/instance_00032/interactions.json,100,False,0,0,100,0.0,failure,aborted,0.0,1,0.06666666666666667,14,wrong,False,True
active_pair_checks,Qwen3.6-35B-A3B-FP8,active_pair_checks,two_numbers,two_numbers_active_pair_checks,max_value,38,True,1,False,False,True,0.0,0.0,1,0,1,1,0,0.0,0,0,15,0.0,0,,100,/Users/shahrukh/Documents/Shahrukh_Thesis/Alien-Abduction/results/active_pair_checks/Qwen3.6-35B-A3B-FP8/two_numbers_active_pair_checks/instance_00038/instance.json,/Users/shahrukh/Documents/Shahrukh_Thesis/Alien-Abduction/results/active_pair_checks/Qwen3.6-35B-A3B-FP8/two_numbers_active_pair_checks/instance_00038/scores.json,/Users/shahrukh/Documents/Shahrukh_Thesis/Alien-Abduction/results/active_pair_checks/Qwen3.6-35B-A3B-FP8/two_numbers_active_pair_checks/experiment.json,/Users/shahrukh/Documents/Shahrukh_Thesis/Alien-Abduction/results/active_pair_checks/Qwen3.6-35B-A3B-FP8/two_numbers_active_pair_checks/instance_00038/interactions.json,100,False,0,0,100,0.0,failure,aborted,0.0,1,0.06666666666666667,14,wrong,False,True
active_pair_checks,Qwen3.6-35B-A3B-FP8,active_pair_checks,two_numbers,two_numbers_active_pair_checks,sum_two,44,True,1,False,False,True,0.0,0.0,1,0,1,1,0,0.0,0,0,15,0.0,0,,100,/Users/shahrukh/Documents/Shahrukh_Thesis/Alien-Abduction/results/active_pair_checks/Qwen3.6-35B-A3B-FP8/two_numbers_active_pair_checks/instance_00044/instance.json,/Users/shahrukh/Documents/Shahrukh_Thesis/Alien-Abduction/results/active_pair_checks/Qwen3.6-35B-A3B-FP8/two_numbers_active_pair_checks/instance_00044/scores.json,/Users/shahrukh/Documents/Shahrukh_Thesis/Alien-Abduction/results/active_pair_checks/Qwen3.6-35B-A3B-FP8/two_numbers_active_pair_checks/experiment.json,/Users/shahrukh/Documents/Shahrukh_Thesis/Alien-Abduction/results/active_pair_checks/Qwen3.6-35B-A3B-FP8/two_numbers_active_pair_checks/instance_00044/interactions.json,100,False,0,0,100,0.0,failure,aborted,0.0,1,0.06666666666666667,14,wrong,False,True
active_pair_checks,Qwen3.6-35B-A3B-FP8,active_pair_checks,two_numbers,two_numbers_active_pair_checks,abs_diff,50,True,1,False,False,True,0.0,0.0,1,0,1,1,0,0.0,0,0,15,0.0,0,,100,/Users/shahrukh/Documents/Shahrukh_Thesis/Alien-Abduction/results/active_pair_checks/Qwen3.6-35B-A3B-FP8/two_numbers_active_pair_checks/instance_00050/instance.json,/Users/shahrukh/Documents/Shahrukh_Thesis/Alien-Abduction/results/active_pair_checks/Qwen3.6-35B-A3B-FP8/two_numbers_active_pair_checks/instance_00050/scores.json,/Users/shahrukh/Documents/Shahrukh_Thesis/Alien-Abduction/results/active_pair_checks/Qwen3.6-35B-A3B-FP8/two_numbers_active_pair_checks/experiment.json,/Users/shahrukh/Documents/Shahrukh_Thesis/Alien-Abduction/results/active_pair_checks/Qwen3.6-35B-A3B-FP8/two_numbers_active_pair_checks/instance_00050/interactions.json,100,False,0,0,100,0.0,failure,aborted,0.0,1,0.06666666666666667,14,wrong,False,True
active_pair_checks,Qwen3.6-35B-A3B-FP8,active_pair_checks,two_numbers,two_numbers_active_pair_checks,first_minus_second,56,True,1,False,False,True,0.0,0.0,1,0,1,1,0,0.0,0,0,15,0.0,0,,100,/Users/shahrukh/Documents/Shahrukh_Thesis/Alien-Abduction/results/active_pair_checks/Qwen3.6-35B-A3B-FP8/two_numbers_active_pair_checks/instance_00056/instance.json,/Users/shahrukh/Documents/Shahrukh_Thesis/Alien-Abduction/results/active_pair_checks/Qwen3.6-35B-A3B-FP8/two_numbers_active_pair_checks/instance_00056/scores.json,/Users/shahrukh/Documents/Shahrukh_Thesis/Alien-Abduction/results/active_pair_checks/Qwen3.6-35B-A3B-FP8/two_numbers_active_pair_checks/experiment.json,/Users/shahrukh/Documents/Shahrukh_Thesis/Alien-Abduction/results/active_pair_checks/Qwen3.6-35B-A3B-FP8/two_numbers_active_pair_checks/instance_00056/interactions.json,100,False,0,0,100,0.0,failure,aborted,0.0,1,0.06666666666666667,14,wrong,False,True
active_pair_checks,Qwen3.6-35B-A3B-FP8,active_pair_checks,string,string_active_pair_checks,reverse_str,62,True,1,False,False,True,0.0,0.0,1,0,1,1,0,0.0,0,0,15,0.0,0,,100,/Users/shahrukh/Documents/Shahrukh_Thesis/Alien-Abduction/results/active_pair_checks/Qwen3.6-35B-A3B-FP8/string_active_pair_checks/instance_00062/instance.json,/Users/shahrukh/Documents/Shahrukh_Thesis/Alien-Abduction/results/active_pair_checks/Qwen3.6-35B-A3B-FP8/string_active_pair_checks/instance_00062/scores.json,/Users/shahrukh/Documents/Shahrukh_Thesis/Alien-Abduction/results/active_pair_checks/Qwen3.6-35B-A3B-FP8/string_active_pair_checks/experiment.json,/Users/shahrukh/Documents/Shahrukh_Thesis/Alien-Abduction/results/active_pair_checks/Qwen3.6-35B-A3B-FP8/string_active_pair_checks/instance_00062/interactions.json,100,False,0,0,100,0.0,failure,aborted,0.0,1,0.06666666666666667,14,wrong,False,True
active_pair_checks,Qwen3.6-35B-A3B-FP8,active_pair_checks,string,string_active_pair_checks,first_char,68,True,1,False,False,True,0.0,0.0,1,0,1,1,0,0.0,0,0,15,0.0,0,,100,/Users/shahrukh/Documents/Shahrukh_Thesis/Alien-Abduction/results/active_pair_checks/Qwen3.6-35B-A3B-FP8/string_active_pair_checks/instance_00068/instance.json,/Users/shahrukh/Documents/Shahrukh_Thesis/Alien-Abduction/results/active_pair_checks/Qwen3.6-35B-A3B-FP8/string_active_pair_checks/instance_00068/scores.json,/Users/shahrukh/Documents/Shahrukh_Thesis/Alien-Abduction/results/active_pair_checks/Qwen3.6-35B-A3B-FP8/string_active_pair_checks/experiment.json,/Users/shahrukh/Documents/Shahrukh_Thesis/Alien-Abduction/results/active_pair_checks/Qwen3.6-35B-A3B-FP8/string_active_pair_checks/instance_00068/interactions.json,100,False,0,0,100,0.0,failure,aborted,0.0,1,0.06666666666666667,14,wrong,False,True
active_pair_checks,Qwen3.6-35B-A3B-FP8,active_pair_checks,string,string_active_pair_checks,add_exclamation,74,True,1,False,False,True,0.0,0.0,1,0,1,1,0,0.0,0,0,15,0.0,0,,100,/Users/shahrukh/Documents/Shahrukh_Thesis/Alien-Abduction/results/active_pair_checks/Qwen3.6-35B-A3B-FP8/string_active_pair_checks/instance_00074/instance.json,/Users/shahrukh/Documents/Shahrukh_Thesis/Alien-Abduction/results/active_pair_checks/Qwen3.6-35B-A3B-FP8/string_active_pair_checks/instance_00074/scores.json,/Users/shahrukh/Documents/Shahrukh_Thesis/Alien-Abduction/results/active_pair_checks/Qwen3.6-35B-A3B-FP8/string_active_pair_checks/experiment.json,/Users/shahrukh/Documents/Shahrukh_Thesis/Alien-Abduction/results/active_pair_checks/Qwen3.6-35B-A3B-FP8/string_active_pair_checks/instance_00074/interactions.json,100,False,0,0,100,0.0,failure,aborted,0.0,1,0.06666666666666667,14,wrong,False,True
active_pair_checks,Qwen3.6-35B-A3B-FP8,active_pair_checks,string,string_active_pair_checks,uppercase_str,80,True,1,False,False,True,0.0,0.0,1,0,1,1,0,0.0,0,0,15,0.0,0,,100,/Users/shahrukh/Documents/Shahrukh_Thesis/Alien-Abduction/results/active_pair_checks/Qwen3.6-35B-A3B-FP8/string_active_pair_checks/instance_00080/instance.json,/Users/shahrukh/Documents/Shahrukh_Thesis/Alien-Abduction/results/active_pair_checks/Qwen3.6-35B-A3B-FP8/string_active_pair_checks/instance_00080/scores.json,/Users/shahrukh/Documents/Shahrukh_Thesis/Alien-Abduction/results/active_pair_checks/Qwen3.6-35B-A3B-FP8/string_active_pair_checks/experiment.json,/Users/shahrukh/Documents/Shahrukh_Thesis/Alien-Abduction/results/active_pair_checks/Qwen3.6-35B-A3B-FP8/string_active_pair_checks/instance_00080/interactions.json,100,False,0,0,100,0.0,failure,aborted,0.0,1,0.06666666666666667,14,wrong,False,True
active_pair_checks,Qwen3.6-35B-A3B-FP8,active_pair_checks,string,string_active_pair_checks,remove_space,86,True,1,False,False,True,0.0,0.0,1,0,1,1,0,0.0,0,0,15,0.0,0,,100,/Users/shahrukh/Documents/Shahrukh_Thesis/Alien-Abduction/results/active_pair_checks/Qwen3.6-35B-A3B-FP8/string_active_pair_checks/instance_00086/instance.json,/Users/shahrukh/Documents/Shahrukh_Thesis/Alien-Abduction/results/active_pair_checks/Qwen3.6-35B-A3B-FP8/string_active_pair_checks/instance_00086/scores.json,/Users/shahrukh/Documents/Shahrukh_Thesis/Alien-Abduction/results/active_pair_checks/Qwen3.6-35B-A3B-FP8/string_active_pair_checks/experiment.json,/Users/shahrukh/Documents/Shahrukh_Thesis/Alien-Abduction/results/active_pair_checks/Qwen3.6-35B-A3B-FP8/string_active_pair_checks/instance_00086/interactions.json,100,False,0,0,100,0.0,failure,aborted,0.0,1,0.06666666666666667,14,wrong,False,True
active_pair_checks,Qwen3.6-35B-A3B-FP8,active_pair_checks,list,list_active_pair_checks,list_len,92,True,1,False,False,True,0.0,0.0,1,0,1,1,0,0.0,0,0,15,0.0,0,,100,/Users/shahrukh/Documents/Shahrukh_Thesis/Alien-Abduction/results/active_pair_checks/Qwen3.6-35B-A3B-FP8/list_active_pair_checks/instance_00092/instance.json,/Users/shahrukh/Documents/Shahrukh_Thesis/Alien-Abduction/results/active_pair_checks/Qwen3.6-35B-A3B-FP8/list_active_pair_checks/instance_00092/scores.json,/Users/shahrukh/Documents/Shahrukh_Thesis/Alien-Abduction/results/active_pair_checks/Qwen3.6-35B-A3B-FP8/list_active_pair_checks/experiment.json,/Users/shahrukh/Documents/Shahrukh_Thesis/Alien-Abduction/results/active_pair_checks/Qwen3.6-35B-A3B-FP8/list_active_pair_checks/instance_00092/interactions.json,100,False,0,0,100,0.0,failure,aborted,0.0,1,0.06666666666666667,14,wrong,False,True
active_pair_checks,Qwen3.6-35B-A3B-FP8,active_pair_checks,list,list_active_pair_checks,ret_first_item,98,True,1,False,False,True,0.0,0.0,1,0,1,1,0,0.0,0,0,15,0.0,0,,100,/Users/shahrukh/Documents/Shahrukh_Thesis/Alien-Abduction/results/active_pair_checks/Qwen3.6-35B-A3B-FP8/list_active_pair_checks/instance_00098/instance.json,/Users/shahrukh/Documents/Shahrukh_Thesis/Alien-Abduction/results/active_pair_checks/Qwen3.6-35B-A3B-FP8/list_active_pair_checks/instance_00098/scores.json,/Users/shahrukh/Documents/Shahrukh_Thesis/Alien-Abduction/results/active_pair_checks/Qwen3.6-35B-A3B-FP8/list_active_pair_checks/experiment.json,/Users/shahrukh/Documents/Shahrukh_Thesis/Alien-Abduction/results/active_pair_checks/Qwen3.6-35B-A3B-FP8/list_active_pair_checks/instance_00098/interactions.json,100,False,0,0,100,0.0,failure,aborted,0.0,1,0.06666666666666667,14,wrong,False,True
active_pair_checks,Qwen3.6-35B-A3B-FP8,active_pair_checks,list,list_active_pair_checks,sum_list,104,True,1,False,False,True,0.0,0.0,1,0,1,1,0,0.0,0,0,15,0.0,0,,100,/Users/shahrukh/Documents/Shahrukh_Thesis/Alien-Abduction/results/active_pair_checks/Qwen3.6-35B-A3B-FP8/list_active_pair_checks/instance_00104/instance.json,/Users/shahrukh/Documents/Shahrukh_Thesis/Alien-Abduction/results/active_pair_checks/Qwen3.6-35B-A3B-FP8/list_active_pair_checks/instance_00104/scores.json,/Users/shahrukh/Documents/Shahrukh_Thesis/Alien-Abduction/results/active_pair_checks/Qwen3.6-35B-A3B-FP8/list_active_pair_checks/experiment.json,/Users/shahrukh/Documents/Shahrukh_Thesis/Alien-Abduction/results/active_pair_checks/Qwen3.6-35B-A3B-FP8/list_active_pair_checks/instance_00104/interactions.json,100,False,0,0,100,0.0,failure,aborted,0.0,1,0.06666666666666667,14,wrong,False,True
active_pair_checks,Qwen3.6-35B-A3B-FP8,active_pair_checks,list,list_active_pair_checks,count_zeros,110,True,1,False,False,True,0.0,0.0,1,0,1,1,0,0.0,0,0,15,0.0,0,,100,/Users/shahrukh/Documents/Shahrukh_Thesis/Alien-Abduction/results/active_pair_checks/Qwen3.6-35B-A3B-FP8/list_active_pair_checks/instance_00110/instance.json,/Users/shahrukh/Documents/Shahrukh_Thesis/Alien-Abduction/results/active_pair_checks/Qwen3.6-35B-A3B-FP8/list_active_pair_checks/instance_00110/scores.json,/Users/shahrukh/Documents/Shahrukh_Thesis/Alien-Abduction/results/active_pair_checks/Qwen3.6-35B-A3B-FP8/list_active_pair_checks/experiment.json,/Users/shahrukh/Documents/Shahrukh_Thesis/Alien-Abduction/results/active_pair_checks/Qwen3.6-35B-A3B-FP8/list_active_pair_checks/instance_00110/interactions.json,100,False,0,0,100,0.0,failure,aborted,0.0,1,0.06666666666666667,14,wrong,False,True
active_pair_checks,Qwen3.6-35B-A3B-FP8,active_pair_checks,list,list_active_pair_checks,rmv_duplicates,116,True,1,False,False,True,0.0,0.0,1,0,1,1,0,0.0,0,0,15,0.0,0,,100,/Users/shahrukh/Documents/Shahrukh_Thesis/Alien-Abduction/results/active_pair_checks/Qwen3.6-35B-A3B-FP8/list_active_pair_checks/instance_00116/instance.json,/Users/shahrukh/Documents/Shahrukh_Thesis/Alien-Abduction/results/active_pair_checks/Qwen3.6-35B-A3B-FP8/list_active_pair_checks/instance_00116/scores.json,/Users/shahrukh/Documents/Shahrukh_Thesis/Alien-Abduction/results/active_pair_checks/Qwen3.6-35B-A3B-FP8/list_active_pair_checks/experiment.json,/Users/shahrukh/Documents/Shahrukh_Thesis/Alien-Abduction/results/active_pair_checks/Qwen3.6-35B-A3B-FP8/list_active_pair_checks/instance_00116/interactions.json,100,False,0,0,100,0.0,failure,aborted,0.0,1,0.06666666666666667,14,wrong,False,True
active_pair_checks,Qwen3.6-35B-A3B-FP8,active_pair_checks,logic,logic_active_pair_checks,logic_and,122,True,1,False,False,True,0.0,0.0,1,0,1,1,0,0.0,0,0,15,0.0,0,,4,/Users/shahrukh/Documents/Shahrukh_Thesis/Alien-Abduction/results/active_pair_checks/Qwen3.6-35B-A3B-FP8/logic_active_pair_checks/instance_00122/instance.json,/Users/shahrukh/Documents/Shahrukh_Thesis/Alien-Abduction/results/active_pair_checks/Qwen3.6-35B-A3B-FP8/logic_active_pair_checks/instance_00122/scores.json,/Users/shahrukh/Documents/Shahrukh_Thesis/Alien-Abduction/results/active_pair_checks/Qwen3.6-35B-A3B-FP8/logic_active_pair_checks/experiment.json,/Users/shahrukh/Documents/Shahrukh_Thesis/Alien-Abduction/results/active_pair_checks/Qwen3.6-35B-A3B-FP8/logic_active_pair_checks/instance_00122/interactions.json,4,False,0,0,4,0.0,failure,aborted,0.0,1,0.06666666666666667,14,wrong,False,True
active_pair_checks,Qwen3.6-35B-A3B-FP8,active_pair_checks,logic,logic_active_pair_checks,logic_or,128,True,1,False,False,True,0.0,0.0,1,0,1,1,0,0.0,0,0,15,0.0,0,,4,/Users/shahrukh/Documents/Shahrukh_Thesis/Alien-Abduction/results/active_pair_checks/Qwen3.6-35B-A3B-FP8/logic_active_pair_checks/instance_00128/instance.json,/Users/shahrukh/Documents/Shahrukh_Thesis/Alien-Abduction/results/active_pair_checks/Qwen3.6-35B-A3B-FP8/logic_active_pair_checks/instance_00128/scores.json,/Users/shahrukh/Documents/Shahrukh_Thesis/Alien-Abduction/results/active_pair_checks/Qwen3.6-35B-A3B-FP8/logic_active_pair_checks/experiment.json,/Users/shahrukh/Documents/Shahrukh_Thesis/Alien-Abduction/results/active_pair_checks/Qwen3.6-35B-A3B-FP8/logic_active_pair_checks/instance_00128/interactions.json,4,False,0,0,4,0.0,failure,aborted,0.0,1,0.06666666666666667,14,wrong,False,True
active_pair_checks,Qwen3.6-35B-A3B-FP8,active_pair_checks,logic,logic_active_pair_checks,logic_xor,134,True,1,False,False,True,0.0,0.0,1,0,1,1,0,0.0,0,0,15,0.0,0,,4,/Users/shahrukh/Documents/Shahrukh_Thesis/Alien-Abduction/results/active_pair_checks/Qwen3.6-35B-A3B-FP8/logic_active_pair_checks/instance_00134/instance.json,/Users/shahrukh/Documents/Shahrukh_Thesis/Alien-Abduction/results/active_pair_checks/Qwen3.6-35B-A3B-FP8/logic_active_pair_checks/instance_00134/scores.json,/Users/shahrukh/Documents/Shahrukh_Thesis/Alien-Abduction/results/active_pair_checks/Qwen3.6-35B-A3B-FP8/logic_active_pair_checks/experiment.json,/Users/shahrukh/Documents/Shahrukh_Thesis/Alien-Abduction/results/active_pair_checks/Qwen3.6-35B-A3B-FP8/logic_active_pair_checks/instance_00134/interactions.json,4,False,0,0,4,0.0,failure,aborted,0.0,1,0.06666666666666667,14,wrong,False,True
active_pair_checks,Qwen3.6-35B-A3B-FP8,active_pair_checks,logic,logic_active_pair_checks,not_value,140,True,1,False,False,True,0.0,0.0,1,0,1,1,0,0.0,0,0,15,0.0,0,,2,/Users/shahrukh/Documents/Shahrukh_Thesis/Alien-Abduction/results/active_pair_checks/Qwen3.6-35B-A3B-FP8/logic_active_pair_checks/instance_00140/instance.json,/Users/shahrukh/Documents/Shahrukh_Thesis/Alien-Abduction/results/active_pair_checks/Qwen3.6-35B-A3B-FP8/logic_active_pair_checks/instance_00140/scores.json,/Users/shahrukh/Documents/Shahrukh_Thesis/Alien-Abduction/results/active_pair_checks/Qwen3.6-35B-A3B-FP8/logic_active_pair_checks/experiment.json,/Users/shahrukh/Documents/Shahrukh_Thesis/Alien-Abduction/results/active_pair_checks/Qwen3.6-35B-A3B-FP8/logic_active_pair_checks/instance_00140/interactions.json,2,False,0,0,2,0.0,failure,aborted,0.0,1,0.06666666666666667,14,wrong,False,True
active_pair_checks,Qwen3.6-35B-A3B-FP8,active_pair_checks,logic,logic_active_pair_checks,implies,146,True,1,False,False,True,0.0,0.0,1,0,1,1,0,0.0,0,0,15,0.0,0,,4,/Users/shahrukh/Documents/Shahrukh_Thesis/Alien-Abduction/results/active_pair_checks/Qwen3.6-35B-A3B-FP8/logic_active_pair_checks/instance_00146/instance.json,/Users/shahrukh/Documents/Shahrukh_Thesis/Alien-Abduction/results/active_pair_checks/Qwen3.6-35B-A3B-FP8/logic_active_pair_checks/instance_00146/scores.json,/Users/shahrukh/Documents/Shahrukh_Thesis/Alien-Abduction/results/active_pair_checks/Qwen3.6-35B-A3B-FP8/logic_active_pair_checks/experiment.json,/Users/shahrukh/Documents/Shahrukh_Thesis/Alien-Abduction/results/active_pair_checks/Qwen3.6-35B-A3B-FP8/logic_active_pair_checks/instance_00146/interactions.json,4,False,0,0,4,0.0,failure,aborted,0.0,1,0.06666666666666667,14,wrong,False,True
active_pair_checks,Qwen3.6-35B-A3B-FP8-without-reasoning,active_pair_checks,numbers,numbers_active_pair_checks,absolute_value,2,True,1,False,False,True,0.0,0.0,1,0,1,1,0,0.0,0,0,15,0.0,0,,100,/Users/shahrukh/Documents/Shahrukh_Thesis/Alien-Abduction/results/active_pair_checks/Qwen3.6-35B-A3B-FP8-without-reasoning/numbers_active_pair_checks/instance_00002/instance.json,/Users/shahrukh/Documents/Shahrukh_Thesis/Alien-Abduction/results/active_pair_checks/Qwen3.6-35B-A3B-FP8-without-reasoning/numbers_active_pair_checks/instance_00002/scores.json,/Users/shahrukh/Documents/Shahrukh_Thesis/Alien-Abduction/results/active_pair_checks/Qwen3.6-35B-A3B-FP8-without-reasoning/numbers_active_pair_checks/experiment.json,/Users/shahrukh/Documents/Shahrukh_Thesis/Alien-Abduction/results/active_pair_checks/Qwen3.6-35B-A3B-FP8-without-reasoning/numbers_active_pair_checks/instance_00002/interactions.json,100,False,0,0,100,0.0,failure,aborted,0.0,1,0.06666666666666667,14,wrong,False,True
active_pair_checks,Qwen3.6-35B-A3B-FP8-without-reasoning,active_pair_checks,numbers,numbers_active_pair_checks,add_one,8,True,1,False,False,True,0.0,0.0,1,0,1,1,0,0.0,0,0,15,0.0,0,,100,/Users/shahrukh/Documents/Shahrukh_Thesis/Alien-Abduction/results/active_pair_checks/Qwen3.6-35B-A3B-FP8-without-reasoning/numbers_active_pair_checks/instance_00008/instance.json,/Users/shahrukh/Documents/Shahrukh_Thesis/Alien-Abduction/results/active_pair_checks/Qwen3.6-35B-A3B-FP8-without-reasoning/numbers_active_pair_checks/instance_00008/scores.json,/Users/shahrukh/Documents/Shahrukh_Thesis/Alien-Abduction/results/active_pair_checks/Qwen3.6-35B-A3B-FP8-without-reasoning/numbers_active_pair_checks/experiment.json,/Users/shahrukh/Documents/Shahrukh_Thesis/Alien-Abduction/results/active_pair_checks/Qwen3.6-35B-A3B-FP8-without-reasoning/numbers_active_pair_checks/instance_00008/interactions.json,100,False,0,0,100,0.0,failure,aborted,0.0,1,0.06666666666666667,14,wrong,False,True
active_pair_checks,Qwen3.6-35B-A3B-FP8-without-reasoning,active_pair_checks,numbers,numbers_active_pair_checks,clamp_to_0_9,14,True,1,False,False,True,0.0,0.0,1,0,1,1,0,0.0,0,0,15,0.0,0,,100,/Users/shahrukh/Documents/Shahrukh_Thesis/Alien-Abduction/results/active_pair_checks/Qwen3.6-35B-A3B-FP8-without-reasoning/numbers_active_pair_checks/instance_00014/instance.json,/Users/shahrukh/Documents/Shahrukh_Thesis/Alien-Abduction/results/active_pair_checks/Qwen3.6-35B-A3B-FP8-without-reasoning/numbers_active_pair_checks/instance_00014/scores.json,/Users/shahrukh/Documents/Shahrukh_Thesis/Alien-Abduction/results/active_pair_checks/Qwen3.6-35B-A3B-FP8-without-reasoning/numbers_active_pair_checks/experiment.json,/Users/shahrukh/Documents/Shahrukh_Thesis/Alien-Abduction/results/active_pair_checks/Qwen3.6-35B-A3B-FP8-without-reasoning/numbers_active_pair_checks/instance_00014/interactions.json,100,False,0,0,100,0.0,failure,aborted,0.0,1,0.06666666666666667,14,wrong,False,True
active_pair_checks,Qwen3.6-35B-A3B-FP8-without-reasoning,active_pair_checks,numbers,numbers_active_pair_checks,is_even,20,True,1,False,False,True,0.0,0.0,1,0,1,1,0,0.0,0,0,15,0.0,0,,100,/Users/shahrukh/Documents/Shahrukh_Thesis/Alien-Abduction/results/active_pair_checks/Qwen3.6-35B-A3B-FP8-without-reasoning/numbers_active_pair_checks/instance_00020/instance.json,/Users/shahrukh/Documents/Shahrukh_Thesis/Alien-Abduction/results/active_pair_checks/Qwen3.6-35B-A3B-FP8-without-reasoning/numbers_active_pair_checks/instance_00020/scores.json,/Users/shahrukh/Documents/Shahrukh_Thesis/Alien-Abduction/results/active_pair_checks/Qwen3.6-35B-A3B-FP8-without-reasoning/numbers_active_pair_checks/experiment.json,/Users/shahrukh/Documents/Shahrukh_Thesis/Alien-Abduction/results/active_pair_checks/Qwen3.6-35B-A3B-FP8-without-reasoning/numbers_active_pair_checks/instance_00020/interactions.json,100,False,0,0,100,0.0,failure,aborted,0.0,1,0.06666666666666667,14,wrong,False,True
active_pair_checks,Qwen3.6-35B-A3B-FP8-without-reasoning,active_pair_checks,numbers,numbers_active_pair_checks,sign_label,26,True,1,False,False,True,0.0,0.0,1,0,1,1,0,0.0,0,0,15,0.0,0,,100,/Users/shahrukh/Documents/Shahrukh_Thesis/Alien-Abduction/results/active_pair_checks/Qwen3.6-35B-A3B-FP8-without-reasoning/numbers_active_pair_checks/instance_00026/instance.json,/Users/shahrukh/Documents/Shahrukh_Thesis/Alien-Abduction/results/active_pair_checks/Qwen3.6-35B-A3B-FP8-without-reasoning/numbers_active_pair_checks/instance_00026/scores.json,/Users/shahrukh/Documents/Shahrukh_Thesis/Alien-Abduction/results/active_pair_checks/Qwen3.6-35B-A3B-FP8-without-reasoning/numbers_active_pair_checks/experiment.json,/Users/shahrukh/Documents/Shahrukh_Thesis/Alien-Abduction/results/active_pair_checks/Qwen3.6-35B-A3B-FP8-without-reasoning/numbers_active_pair_checks/instance_00026/interactions.json,100,False,0,0,100,0.0,failure,aborted,0.0,1,0.06666666666666667,14,wrong,False,True
active_pair_checks,Qwen3.6-35B-A3B-FP8-without-reasoning,active_pair_checks,two_numbers,two_numbers_active_pair_checks,min_value,32,True,1,False,False,True,0.0,0.0,1,0,1,1,0,0.0,0,0,15,0.0,0,,100,/Users/shahrukh/Documents/Shahrukh_Thesis/Alien-Abduction/results/active_pair_checks/Qwen3.6-35B-A3B-FP8-without-reasoning/two_numbers_active_pair_checks/instance_00032/instance.json,/Users/shahrukh/Documents/Shahrukh_Thesis/Alien-Abduction/results/active_pair_checks/Qwen3.6-35B-A3B-FP8-without-reasoning/two_numbers_active_pair_checks/instance_00032/scores.json,/Users/shahrukh/Documents/Shahrukh_Thesis/Alien-Abduction/results/active_pair_checks/Qwen3.6-35B-A3B-FP8-without-reasoning/two_numbers_active_pair_checks/experiment.json,/Users/shahrukh/Documents/Shahrukh_Thesis/Alien-Abduction/results/active_pair_checks/Qwen3.6-35B-A3B-FP8-without-reasoning/two_numbers_active_pair_checks/instance_00032/interactions.json,100,False,0,0,100,0.0,failure,aborted,0.0,1,0.06666666666666667,14,wrong,False,True
active_pair_checks,Qwen3.6-35B-A3B-FP8-without-reasoning,active_pair_checks,two_numbers,two_numbers_active_pair_checks,max_value,38,True,1,False,False,True,0.0,0.0,1,0,1,1,0,0.0,0,0,15,0.0,0,,100,/Users/shahrukh/Documents/Shahrukh_Thesis/Alien-Abduction/results/active_pair_checks/Qwen3.6-35B-A3B-FP8-without-reasoning/two_numbers_active_pair_checks/instance_00038/instance.json,/Users/shahrukh/Documents/Shahrukh_Thesis/Alien-Abduction/results/active_pair_checks/Qwen3.6-35B-A3B-FP8-without-reasoning/two_numbers_active_pair_checks/instance_00038/scores.json,/Users/shahrukh/Documents/Shahrukh_Thesis/Alien-Abduction/results/active_pair_checks/Qwen3.6-35B-A3B-FP8-without-reasoning/two_numbers_active_pair_checks/experiment.json,/Users/shahrukh/Documents/Shahrukh_Thesis/Alien-Abduction/results/active_pair_checks/Qwen3.6-35B-A3B-FP8-without-reasoning/two_numbers_active_pair_checks/instance_00038/interactions.json,100,False,0,0,100,0.0,failure,aborted,0.0,1,0.06666666666666667,14,wrong,False,True
active_pair_checks,Qwen3.6-35B-A3B-FP8-without-reasoning,active_pair_checks,two_numbers,two_numbers_active_pair_checks,sum_two,44,True,1,False,False,True,0.0,0.0,1,0,1,1,0,0.0,0,0,15,0.0,0,,100,/Users/shahrukh/Documents/Shahrukh_Thesis/Alien-Abduction/results/active_pair_checks/Qwen3.6-35B-A3B-FP8-without-reasoning/two_numbers_active_pair_checks/instance_00044/instance.json,/Users/shahrukh/Documents/Shahrukh_Thesis/Alien-Abduction/results/active_pair_checks/Qwen3.6-35B-A3B-FP8-without-reasoning/two_numbers_active_pair_checks/instance_00044/scores.json,/Users/shahrukh/Documents/Shahrukh_Thesis/Alien-Abduction/results/active_pair_checks/Qwen3.6-35B-A3B-FP8-without-reasoning/two_numbers_active_pair_checks/experiment.json,/Users/shahrukh/Documents/Shahrukh_Thesis/Alien-Abduction/results/active_pair_checks/Qwen3.6-35B-A3B-FP8-without-reasoning/two_numbers_active_pair_checks/instance_00044/interactions.json,100,False,0,0,100,0.0,failure,aborted,0.0,1,0.06666666666666667,14,wrong,False,True
active_pair_checks,Qwen3.6-35B-A3B-FP8-without-reasoning,active_pair_checks,two_numbers,two_numbers_active_pair_checks,abs_diff,50,True,1,False,False,True,0.0,0.0,1,0,1,1,0,0.0,0,0,15,0.0,0,,100,/Users/shahrukh/Documents/Shahrukh_Thesis/Alien-Abduction/results/active_pair_checks/Qwen3.6-35B-A3B-FP8-without-reasoning/two_numbers_active_pair_checks/instance_00050/instance.json,/Users/shahrukh/Documents/Shahrukh_Thesis/Alien-Abduction/results/active_pair_checks/Qwen3.6-35B-A3B-FP8-without-reasoning/two_numbers_active_pair_checks/instance_00050/scores.json,/Users/shahrukh/Documents/Shahrukh_Thesis/Alien-Abduction/results/active_pair_checks/Qwen3.6-35B-A3B-FP8-without-reasoning/two_numbers_active_pair_checks/experiment.json,/Users/shahrukh/Documents/Shahrukh_Thesis/Alien-Abduction/results/active_pair_checks/Qwen3.6-35B-A3B-FP8-without-reasoning/two_numbers_active_pair_checks/instance_00050/interactions.json,100,False,0,0,100,0.0,failure,aborted,0.0,1,0.06666666666666667,14,wrong,False,True
active_pair_checks,Qwen3.6-35B-A3B-FP8-without-reasoning,active_pair_checks,two_numbers,two_numbers_active_pair_checks,first_minus_second,56,True,1,False,False,True,0.0,0.0,1,0,1,1,0,0.0,0,0,15,0.0,0,,100,/Users/shahrukh/Documents/Shahrukh_Thesis/Alien-Abduction/results/active_pair_checks/Qwen3.6-35B-A3B-FP8-without-reasoning/two_numbers_active_pair_checks/instance_00056/instance.json,/Users/shahrukh/Documents/Shahrukh_Thesis/Alien-Abduction/results/active_pair_checks/Qwen3.6-35B-A3B-FP8-without-reasoning/two_numbers_active_pair_checks/instance_00056/scores.json,/Users/shahrukh/Documents/Shahrukh_Thesis/Alien-Abduction/results/active_pair_checks/Qwen3.6-35B-A3B-FP8-without-reasoning/two_numbers_active_pair_checks/experiment.json,/Users/shahrukh/Documents/Shahrukh_Thesis/Alien-Abduction/results/active_pair_checks/Qwen3.6-35B-A3B-FP8-without-reasoning/two_numbers_active_pair_checks/instance_00056/interactions.json,100,False,0,0,100,0.0,failure,aborted,0.0,1,0.06666666666666667,14,wrong,False,True
active_pair_checks,Qwen3.6-35B-A3B-FP8-without-reasoning,active_pair_checks,string,string_active_pair_checks,reverse_str,62,True,1,False,False,True,0.0,0.0,1,0,1,1,0,0.0,0,0,15,0.0,0,,100,/Users/shahrukh/Documents/Shahrukh_Thesis/Alien-Abduction/results/active_pair_checks/Qwen3.6-35B-A3B-FP8-without-reasoning/string_active_pair_checks/instance_00062/instance.json,/Users/shahrukh/Documents/Shahrukh_Thesis/Alien-Abduction/results/active_pair_checks/Qwen3.6-35B-A3B-FP8-without-reasoning/string_active_pair_checks/instance_00062/scores.json,/Users/shahrukh/Documents/Shahrukh_Thesis/Alien-Abduction/results/active_pair_checks/Qwen3.6-35B-A3B-FP8-without-reasoning/string_active_pair_checks/experiment.json,/Users/shahrukh/Documents/Shahrukh_Thesis/Alien-Abduction/results/active_pair_checks/Qwen3.6-35B-A3B-FP8-without-reasoning/string_active_pair_checks/instance_00062/interactions.json,100,False,0,0,100,0.0,failure,aborted,0.0,1,0.06666666666666667,14,wrong,False,True
active_pair_checks,Qwen3.6-35B-A3B-FP8-without-reasoning,active_pair_checks,string,string_active_pair_checks,first_char,68,True,1,False,False,True,0.0,0.0,1,0,1,1,0,0.0,0,0,15,0.0,0,,100,/Users/shahrukh/Documents/Shahrukh_Thesis/Alien-Abduction/results/active_pair_checks/Qwen3.6-35B-A3B-FP8-without-reasoning/string_active_pair_checks/instance_00068/instance.json,/Users/shahrukh/Documents/Shahrukh_Thesis/Alien-Abduction/results/active_pair_checks/Qwen3.6-35B-A3B-FP8-without-reasoning/string_active_pair_checks/instance_00068/scores.json,/Users/shahrukh/Documents/Shahrukh_Thesis/Alien-Abduction/results/active_pair_checks/Qwen3.6-35B-A3B-FP8-without-reasoning/string_active_pair_checks/experiment.json,/Users/shahrukh/Documents/Shahrukh_Thesis/Alien-Abduction/results/active_pair_checks/Qwen3.6-35B-A3B-FP8-without-reasoning/string_active_pair_checks/instance_00068/interactions.json,100,False,0,0,100,0.0,failure,aborted,0.0,1,0.06666666666666667,14,wrong,False,True
active_pair_checks,Qwen3.6-35B-A3B-FP8-without-reasoning,active_pair_checks,string,string_active_pair_checks,add_exclamation,74,True,1,False,False,True,0.0,0.0,1,0,1,1,0,0.0,0,0,15,0.0,0,,100,/Users/shahrukh/Documents/Shahrukh_Thesis/Alien-Abduction/results/active_pair_checks/Qwen3.6-35B-A3B-FP8-without-reasoning/string_active_pair_checks/instance_00074/instance.json,/Users/shahrukh/Documents/Shahrukh_Thesis/Alien-Abduction/results/active_pair_checks/Qwen3.6-35B-A3B-FP8-without-reasoning/string_active_pair_checks/instance_00074/scores.json,/Users/shahrukh/Documents/Shahrukh_Thesis/Alien-Abduction/results/active_pair_checks/Qwen3.6-35B-A3B-FP8-without-reasoning/string_active_pair_checks/experiment.json,/Users/shahrukh/Documents/Shahrukh_Thesis/Alien-Abduction/results/active_pair_checks/Qwen3.6-35B-A3B-FP8-without-reasoning/string_active_pair_checks/instance_00074/interactions.json,100,False,0,0,100,0.0,failure,aborted,0.0,1,0.06666666666666667,14,wrong,False,True
active_pair_checks,Qwen3.6-35B-A3B-FP8-without-reasoning,active_pair_checks,string,string_active_pair_checks,uppercase_str,80,True,1,False,False,True,0.0,0.0,1,0,1,1,0,0.0,0,0,15,0.0,0,,100,/Users/shahrukh/Documents/Shahrukh_Thesis/Alien-Abduction/results/active_pair_checks/Qwen3.6-35B-A3B-FP8-without-reasoning/string_active_pair_checks/instance_00080/instance.json,/Users/shahrukh/Documents/Shahrukh_Thesis/Alien-Abduction/results/active_pair_checks/Qwen3.6-35B-A3B-FP8-without-reasoning/string_active_pair_checks/instance_00080/scores.json,/Users/shahrukh/Documents/Shahrukh_Thesis/Alien-Abduction/results/active_pair_checks/Qwen3.6-35B-A3B-FP8-without-reasoning/string_active_pair_checks/experiment.json,/Users/shahrukh/Documents/Shahrukh_Thesis/Alien-Abduction/results/active_pair_checks/Qwen3.6-35B-A3B-FP8-without-reasoning/string_active_pair_checks/instance_00080/interactions.json,100,False,0,0,100,0.0,failure,aborted,0.0,1,0.06666666666666667,14,wrong,False,True
active_pair_checks,Qwen3.6-35B-A3B-FP8-without-reasoning,active_pair_checks,string,string_active_pair_checks,remove_space,86,True,1,False,False,True,0.0,0.0,1,0,1,1,0,0.0,0,0,15,0.0,0,,100,/Users/shahrukh/Documents/Shahrukh_Thesis/Alien-Abduction/results/active_pair_checks/Qwen3.6-35B-A3B-FP8-without-reasoning/string_active_pair_checks/instance_00086/instance.json,/Users/shahrukh/Documents/Shahrukh_Thesis/Alien-Abduction/results/active_pair_checks/Qwen3.6-35B-A3B-FP8-without-reasoning/string_active_pair_checks/instance_00086/scores.json,/Users/shahrukh/Documents/Shahrukh_Thesis/Alien-Abduction/results/active_pair_checks/Qwen3.6-35B-A3B-FP8-without-reasoning/string_active_pair_checks/experiment.json,/Users/shahrukh/Documents/Shahrukh_Thesis/Alien-Abduction/results/active_pair_checks/Qwen3.6-35B-A3B-FP8-without-reasoning/string_active_pair_checks/instance_00086/interactions.json,100,False,0,0,100,0.0,failure,aborted,0.0,1,0.06666666666666667,14,wrong,False,True
active_pair_checks,Qwen3.6-35B-A3B-FP8-without-reasoning,active_pair_checks,list,list_active_pair_checks,list_len,92,True,1,False,False,True,0.0,0.0,1,0,1,1,0,0.0,0,0,15,0.0,0,,100,/Users/shahrukh/Documents/Shahrukh_Thesis/Alien-Abduction/results/active_pair_checks/Qwen3.6-35B-A3B-FP8-without-reasoning/list_active_pair_checks/instance_00092/instance.json,/Users/shahrukh/Documents/Shahrukh_Thesis/Alien-Abduction/results/active_pair_checks/Qwen3.6-35B-A3B-FP8-without-reasoning/list_active_pair_checks/instance_00092/scores.json,/Users/shahrukh/Documents/Shahrukh_Thesis/Alien-Abduction/results/active_pair_checks/Qwen3.6-35B-A3B-FP8-without-reasoning/list_active_pair_checks/experiment.json,/Users/shahrukh/Documents/Shahrukh_Thesis/Alien-Abduction/results/active_pair_checks/Qwen3.6-35B-A3B-FP8-without-reasoning/list_active_pair_checks/instance_00092/interactions.json,100,False,0,0,100,0.0,failure,aborted,0.0,1,0.06666666666666667,14,wrong,False,True
active_pair_checks,Qwen3.6-35B-A3B-FP8-without-reasoning,active_pair_checks,list,list_active_pair_checks,ret_first_item,98,True,1,False,False,True,0.0,0.0,1,0,1,1,0,0.0,0,0,15,0.0,0,,100,/Users/shahrukh/Documents/Shahrukh_Thesis/Alien-Abduction/results/active_pair_checks/Qwen3.6-35B-A3B-FP8-without-reasoning/list_active_pair_checks/instance_00098/instance.json,/Users/shahrukh/Documents/Shahrukh_Thesis/Alien-Abduction/results/active_pair_checks/Qwen3.6-35B-A3B-FP8-without-reasoning/list_active_pair_checks/instance_00098/scores.json,/Users/shahrukh/Documents/Shahrukh_Thesis/Alien-Abduction/results/active_pair_checks/Qwen3.6-35B-A3B-FP8-without-reasoning/list_active_pair_checks/experiment.json,/Users/shahrukh/Documents/Shahrukh_Thesis/Alien-Abduction/results/active_pair_checks/Qwen3.6-35B-A3B-FP8-without-reasoning/list_active_pair_checks/instance_00098/interactions.json,100,False,0,0,100,0.0,failure,aborted,0.0,1,0.06666666666666667,14,wrong,False,True
active_pair_checks,Qwen3.6-35B-A3B-FP8-without-reasoning,active_pair_checks,list,list_active_pair_checks,sum_list,104,True,1,False,False,True,0.0,0.0,1,0,1,1,0,0.0,0,0,15,0.0,0,,100,/Users/shahrukh/Documents/Shahrukh_Thesis/Alien-Abduction/results/active_pair_checks/Qwen3.6-35B-A3B-FP8-without-reasoning/list_active_pair_checks/instance_00104/instance.json,/Users/shahrukh/Documents/Shahrukh_Thesis/Alien-Abduction/results/active_pair_checks/Qwen3.6-35B-A3B-FP8-without-reasoning/list_active_pair_checks/instance_00104/scores.json,/Users/shahrukh/Documents/Shahrukh_Thesis/Alien-Abduction/results/active_pair_checks/Qwen3.6-35B-A3B-FP8-without-reasoning/list_active_pair_checks/experiment.json,/Users/shahrukh/Documents/Shahrukh_Thesis/Alien-Abduction/results/active_pair_checks/Qwen3.6-35B-A3B-FP8-without-reasoning/list_active_pair_checks/instance_00104/interactions.json,100,False,0,0,100,0.0,failure,aborted,0.0,1,0.06666666666666667,14,wrong,False,True
active_pair_checks,Qwen3.6-35B-A3B-FP8-without-reasoning,active_pair_checks,list,list_active_pair_checks,count_zeros,110,True,1,False,False,True,0.0,0.0,1,0,1,1,0,0.0,0,0,15,0.0,0,,100,/Users/shahrukh/Documents/Shahrukh_Thesis/Alien-Abduction/results/active_pair_checks/Qwen3.6-35B-A3B-FP8-without-reasoning/list_active_pair_checks/instance_00110/instance.json,/Users/shahrukh/Documents/Shahrukh_Thesis/Alien-Abduction/results/active_pair_checks/Qwen3.6-35B-A3B-FP8-without-reasoning/list_active_pair_checks/instance_00110/scores.json,/Users/shahrukh/Documents/Shahrukh_Thesis/Alien-Abduction/results/active_pair_checks/Qwen3.6-35B-A3B-FP8-without-reasoning/list_active_pair_checks/experiment.json,/Users/shahrukh/Documents/Shahrukh_Thesis/Alien-Abduction/results/active_pair_checks/Qwen3.6-35B-A3B-FP8-without-reasoning/list_active_pair_checks/instance_00110/interactions.json,100,False,0,0,100,0.0,failure,aborted,0.0,1,0.06666666666666667,14,wrong,False,True
active_pair_checks,Qwen3.6-35B-A3B-FP8-without-reasoning,active_pair_checks,list,list_active_pair_checks,rmv_duplicates,116,True,1,False,False,True,0.0,0.0,1,0,1,1,0,0.0,0,0,15,0.0,0,,100,/Users/shahrukh/Documents/Shahrukh_Thesis/Alien-Abduction/results/active_pair_checks/Qwen3.6-35B-A3B-FP8-without-reasoning/list_active_pair_checks/instance_00116/instance.json,/Users/shahrukh/Documents/Shahrukh_Thesis/Alien-Abduction/results/active_pair_checks/Qwen3.6-35B-A3B-FP8-without-reasoning/list_active_pair_checks/instance_00116/scores.json,/Users/shahrukh/Documents/Shahrukh_Thesis/Alien-Abduction/results/active_pair_checks/Qwen3.6-35B-A3B-FP8-without-reasoning/list_active_pair_checks/experiment.json,/Users/shahrukh/Documents/Shahrukh_Thesis/Alien-Abduction/results/active_pair_checks/Qwen3.6-35B-A3B-FP8-without-reasoning/list_active_pair_checks/instance_00116/interactions.json,100,False,0,0,100,0.0,failure,aborted,0.0,1,0.06666666666666667,14,wrong,False,True
active_pair_checks,Qwen3.6-35B-A3B-FP8-without-reasoning,active_pair_checks,logic,logic_active_pair_checks,logic_and,122,True,1,False,False,True,0.0,0.0,1,0,1,1,0,0.0,0,0,15,0.0,0,,4,/Users/shahrukh/Documents/Shahrukh_Thesis/Alien-Abduction/results/active_pair_checks/Qwen3.6-35B-A3B-FP8-without-reasoning/logic_active_pair_checks/instance_00122/instance.json,/Users/shahrukh/Documents/Shahrukh_Thesis/Alien-Abduction/results/active_pair_checks/Qwen3.6-35B-A3B-FP8-without-reasoning/logic_active_pair_checks/instance_00122/scores.json,/Users/shahrukh/Documents/Shahrukh_Thesis/Alien-Abduction/results/active_pair_checks/Qwen3.6-35B-A3B-FP8-without-reasoning/logic_active_pair_checks/experiment.json,/Users/shahrukh/Documents/Shahrukh_Thesis/Alien-Abduction/results/active_pair_checks/Qwen3.6-35B-A3B-FP8-without-reasoning/logic_active_pair_checks/instance_00122/interactions.json,4,False,0,0,4,0.0,failure,aborted,0.0,1,0.06666666666666667,14,wrong,False,True
active_pair_checks,Qwen3.6-35B-A3B-FP8-without-reasoning,active_pair_checks,logic,logic_active_pair_checks,logic_or,128,True,1,False,False,True,0.0,0.0,1,0,1,1,0,0.0,0,0,15,0.0,0,,4,/Users/shahrukh/Documents/Shahrukh_Thesis/Alien-Abduction/results/active_pair_checks/Qwen3.6-35B-A3B-FP8-without-reasoning/logic_active_pair_checks/instance_00128/instance.json,/Users/shahrukh/Documents/Shahrukh_Thesis/Alien-Abduction/results/active_pair_checks/Qwen3.6-35B-A3B-FP8-without-reasoning/logic_active_pair_checks/instance_00128/scores.json,/Users/shahrukh/Documents/Shahrukh_Thesis/Alien-Abduction/results/active_pair_checks/Qwen3.6-35B-A3B-FP8-without-reasoning/logic_active_pair_checks/experiment.json,/Users/shahrukh/Documents/Shahrukh_Thesis/Alien-Abduction/results/active_pair_checks/Qwen3.6-35B-A3B-FP8-without-reasoning/logic_active_pair_checks/instance_00128/interactions.json,4,False,0,0,4,0.0,failure,aborted,0.0,1,0.06666666666666667,14,wrong,False,True
active_pair_checks,Qwen3.6-35B-A3B-FP8-without-reasoning,active_pair_checks,logic,logic_active_pair_checks,logic_xor,134,True,1,False,False,True,0.0,0.0,1,0,1,1,0,0.0,0,0,15,0.0,0,,4,/Users/shahrukh/Documents/Shahrukh_Thesis/Alien-Abduction/results/active_pair_checks/Qwen3.6-35B-A3B-FP8-without-reasoning/logic_active_pair_checks/instance_00134/instance.json,/Users/shahrukh/Documents/Shahrukh_Thesis/Alien-Abduction/results/active_pair_checks/Qwen3.6-35B-A3B-FP8-without-reasoning/logic_active_pair_checks/instance_00134/scores.json,/Users/shahrukh/Documents/Shahrukh_Thesis/Alien-Abduction/results/active_pair_checks/Qwen3.6-35B-A3B-FP8-without-reasoning/logic_active_pair_checks/experiment.json,/Users/shahrukh/Documents/Shahrukh_Thesis/Alien-Abduction/results/active_pair_checks/Qwen3.6-35B-A3B-FP8-without-reasoning/logic_active_pair_checks/instance_00134/interactions.json,4,False,0,0,4,0.0,failure,aborted,0.0,1,0.06666666666666667,14,wrong,False,True
active_pair_checks,Qwen3.6-35B-A3B-FP8-without-reasoning,active_pair_checks,logic,logic_active_pair_checks,not_value,140,True,1,False,False,True,0.0,0.0,1,1,0,0,0,0.0,0,1,15,0.0,0,,2,/Users/shahrukh/Documents/Shahrukh_Thesis/Alien-Abduction/results/active_pair_checks/Qwen3.6-35B-A3B-FP8-without-reasoning/logic_active_pair_checks/instance_00140/instance.json,/Users/shahrukh/Documents/Shahrukh_Thesis/Alien-Abduction/results/active_pair_checks/Qwen3.6-35B-A3B-FP8-without-reasoning/logic_active_pair_checks/instance_00140/scores.json,/Users/shahrukh/Documents/Shahrukh_Thesis/Alien-Abduction/results/active_pair_checks/Qwen3.6-35B-A3B-FP8-without-reasoning/logic_active_pair_checks/experiment.json,/Users/shahrukh/Documents/Shahrukh_Thesis/Alien-Abduction/results/active_pair_checks/Qwen3.6-35B-A3B-FP8-without-reasoning/logic_active_pair_checks/instance_00140/interactions.json,2,False,0,0,2,0.0,failure,aborted,0.0,1,0.06666666666666667,14,wrong,False,True
active_pair_checks,Qwen3.6-35B-A3B-FP8-without-reasoning,active_pair_checks,logic,logic_active_pair_checks,implies,146,True,1,False,False,True,0.0,0.0,1,1,0,0,0,0.0,0,1,15,0.0,0,,4,/Users/shahrukh/Documents/Shahrukh_Thesis/Alien-Abduction/results/active_pair_checks/Qwen3.6-35B-A3B-FP8-without-reasoning/logic_active_pair_checks/instance_00146/instance.json,/Users/shahrukh/Documents/Shahrukh_Thesis/Alien-Abduction/results/active_pair_checks/Qwen3.6-35B-A3B-FP8-without-reasoning/logic_active_pair_checks/instance_00146/scores.json,/Users/shahrukh/Documents/Shahrukh_Thesis/Alien-Abduction/results/active_pair_checks/Qwen3.6-35B-A3B-FP8-without-reasoning/logic_active_pair_checks/experiment.json,/Users/shahrukh/Documents/Shahrukh_Thesis/Alien-Abduction/results/active_pair_checks/Qwen3.6-35B-A3B-FP8-without-reasoning/logic_active_pair_checks/instance_00146/interactions.json,4,False,0,0,4,0.0,failure,aborted,0.0,1,0.06666666666666667,14,wrong,False,True
active_pair_checks,gpt-4.1-2025-04-14,active_pair_checks,numbers,numbers_active_pair_checks,absolute_value,2,True,12,True,False,False,33.33333333333333,33.33333333333333,12,12,0,0,0,1.0,0,11,15,0.3333333333333333,1,,100,/Users/shahrukh/Documents/Shahrukh_Thesis/Alien-Abduction/results/active_pair_checks/gpt-4.1-2025-04-14/numbers_active_pair_checks/instance_00002/instance.json,/Users/shahrukh/Documents/Shahrukh_Thesis/Alien-Abduction/results/active_pair_checks/gpt-4.1-2025-04-14/numbers_active_pair_checks/instance_00002/scores.json,/Users/shahrukh/Documents/Shahrukh_Thesis/Alien-Abduction/results/active_pair_checks/gpt-4.1-2025-04-14/numbers_active_pair_checks/experiment.json,/Users/shahrukh/Documents/Shahrukh_Thesis/Alien-Abduction/results/active_pair_checks/gpt-4.1-2025-04-14/numbers_active_pair_checks/instance_00002/interactions.json,100,True,1,100,0,1.0,exact,correct_guess,1.0,12,0.8,3,right,False,True
active_pair_checks,gpt-4.1-2025-04-14,active_pair_checks,numbers,numbers_active_pair_checks,add_one,8,True,12,False,True,False,0.0,0.0,12,12,0,0,0,1.0,0,11,15,0.3333333333333333,1,,100,/Users/shahrukh/Documents/Shahrukh_Thesis/Alien-Abduction/results/active_pair_checks/gpt-4.1-2025-04-14/numbers_active_pair_checks/instance_00008/instance.json,/Users/shahrukh/Documents/Shahrukh_Thesis/Alien-Abduction/results/active_pair_checks/gpt-4.1-2025-04-14/numbers_active_pair_checks/instance_00008/scores.json,/Users/shahrukh/Documents/Shahrukh_Thesis/Alien-Abduction/results/active_pair_checks/gpt-4.1-2025-04-14/numbers_active_pair_checks/experiment.json,/Users/shahrukh/Documents/Shahrukh_Thesis/Alien-Abduction/results/active_pair_checks/gpt-4.1-2025-04-14/numbers_active_pair_checks/instance_00008/interactions.json,100,False,0,0,100,0.0,failure,wrong_function_guess,1.0,12,0.8,3,wrong,False,True
active_pair_checks,gpt-4.1-2025-04-14,active_pair_checks,numbers,numbers_active_pair_checks,clamp_to_0_9,14,True,12,False,True,False,0.0,0.0,12,12,0,0,0,1.0,0,11,15,0.3333333333333333,1,,100,/Users/shahrukh/Documents/Shahrukh_Thesis/Alien-Abduction/results/active_pair_checks/gpt-4.1-2025-04-14/numbers_active_pair_checks/instance_00014/instance.json,/Users/shahrukh/Documents/Shahrukh_Thesis/Alien-Abduction/results/active_pair_checks/gpt-4.1-2025-04-14/numbers_active_pair_checks/instance_00014/scores.json,/Users/shahrukh/Documents/Shahrukh_Thesis/Alien-Abduction/results/active_pair_checks/gpt-4.1-2025-04-14/numbers_active_pair_checks/experiment.json,/Users/shahrukh/Documents/Shahrukh_Thesis/Alien-Abduction/results/active_pair_checks/gpt-4.1-2025-04-14/numbers_active_pair_checks/instance_00014/interactions.json,100,False,0,0,100,0.0,failure,wrong_function_guess,1.0,12,0.8,3,wrong,False,True
active_pair_checks,gpt-4.1-2025-04-14,active_pair_checks,numbers,numbers_active_pair_checks,is_even,20,True,11,True,False,False,40.0,40.0,11,11,0,0,0,1.0,0,10,15,0.4,1,,100,/Users/shahrukh/Documents/Shahrukh_Thesis/Alien-Abduction/results/active_pair_checks/gpt-4.1-2025-04-14/numbers_active_pair_checks/instance_00020/instance.json,/Users/shahrukh/Documents/Shahrukh_Thesis/Alien-Abduction/results/active_pair_checks/gpt-4.1-2025-04-14/numbers_active_pair_checks/instance_00020/scores.json,/Users/shahrukh/Documents/Shahrukh_Thesis/Alien-Abduction/results/active_pair_checks/gpt-4.1-2025-04-14/numbers_active_pair_checks/experiment.json,/Users/shahrukh/Documents/Shahrukh_Thesis/Alien-Abduction/results/active_pair_checks/gpt-4.1-2025-04-14/numbers_active_pair_checks/instance_00020/interactions.json,100,True,1,100,0,1.0,exact,correct_guess,1.0,11,0.7333333333333333,4,right,False,True
active_pair_checks,gpt-4.1-2025-04-14,active_pair_checks,numbers,numbers_active_pair_checks,sign_label,26,True,12,False,True,False,0.0,0.0,12,12,0,0,0,1.0,0,11,15,0.3333333333333333,1,,100,/Users/shahrukh/Documents/Shahrukh_Thesis/Alien-Abduction/results/active_pair_checks/gpt-4.1-2025-04-14/numbers_active_pair_checks/instance_00026/instance.json,/Users/shahrukh/Documents/Shahrukh_Thesis/Alien-Abduction/results/active_pair_checks/gpt-4.1-2025-04-14/numbers_active_pair_checks/instance_00026/scores.json,/Users/shahrukh/Documents/Shahrukh_Thesis/Alien-Abduction/results/active_pair_checks/gpt-4.1-2025-04-14/numbers_active_pair_checks/experiment.json,/Users/shahrukh/Documents/Shahrukh_Thesis/Alien-Abduction/results/active_pair_checks/gpt-4.1-2025-04-14/numbers_active_pair_checks/instance_00026/interactions.json,100,False,0,0,100,0.0,failure,wrong_function_guess,1.0,12,0.8,3,wrong,False,True
active_pair_checks,gpt-4.1-2025-04-14,active_pair_checks,two_numbers,two_numbers_active_pair_checks,min_value,32,True,13,False,True,False,0.0,0.0,13,13,0,0,0,1.0,0,12,15,0.26666666666666666,1,,100,/Users/shahrukh/Documents/Shahrukh_Thesis/Alien-Abduction/results/active_pair_checks/gpt-4.1-2025-04-14/two_numbers_active_pair_checks/instance_00032/instance.json,/Users/shahrukh/Documents/Shahrukh_Thesis/Alien-Abduction/results/active_pair_checks/gpt-4.1-2025-04-14/two_numbers_active_pair_checks/instance_00032/scores.json,/Users/shahrukh/Documents/Shahrukh_Thesis/Alien-Abduction/results/active_pair_checks/gpt-4.1-2025-04-14/two_numbers_active_pair_checks/experiment.json,/Users/shahrukh/Documents/Shahrukh_Thesis/Alien-Abduction/results/active_pair_checks/gpt-4.1-2025-04-14/two_numbers_active_pair_checks/instance_00032/interactions.json,100,False,0,0,100,0.0,failure,wrong_function_guess,1.0,13,0.8666666666666667,2,wrong,False,True
active_pair_checks,gpt-4.1-2025-04-14,active_pair_checks,two_numbers,two_numbers_active_pair_checks,max_value,38,True,13,False,True,False,0.0,0.0,13,13,0,0,0,1.0,0,12,15,0.26666666666666666,1,,100,/Users/shahrukh/Documents/Shahrukh_Thesis/Alien-Abduction/results/active_pair_checks/gpt-4.1-2025-04-14/two_numbers_active_pair_checks/instance_00038/instance.json,/Users/shahrukh/Documents/Shahrukh_Thesis/Alien-Abduction/results/active_pair_checks/gpt-4.1-2025-04-14/two_numbers_active_pair_checks/instance_00038/scores.json,/Users/shahrukh/Documents/Shahrukh_Thesis/Alien-Abduction/results/active_pair_checks/gpt-4.1-2025-04-14/two_numbers_active_pair_checks/experiment.json,/Users/shahrukh/Documents/Shahrukh_Thesis/Alien-Abduction/results/active_pair_checks/gpt-4.1-2025-04-14/two_numbers_active_pair_checks/instance_00038/interactions.json,100,False,0,0,100,0.0,failure,wrong_function_guess,1.0,13,0.8666666666666667,2,wrong,False,True
active_pair_checks,gpt-4.1-2025-04-14,active_pair_checks,two_numbers,two_numbers_active_pair_checks,sum_two,44,True,11,True,False,False,40.0,40.0,11,11,0,0,0,1.0,0,10,15,0.4,1,,100,/Users/shahrukh/Documents/Shahrukh_Thesis/Alien-Abduction/results/active_pair_checks/gpt-4.1-2025-04-14/two_numbers_active_pair_checks/instance_00044/instance.json,/Users/shahrukh/Documents/Shahrukh_Thesis/Alien-Abduction/results/active_pair_checks/gpt-4.1-2025-04-14/two_numbers_active_pair_checks/instance_00044/scores.json,/Users/shahrukh/Documents/Shahrukh_Thesis/Alien-Abduction/results/active_pair_checks/gpt-4.1-2025-04-14/two_numbers_active_pair_checks/experiment.json,/Users/shahrukh/Documents/Shahrukh_Thesis/Alien-Abduction/results/active_pair_checks/gpt-4.1-2025-04-14/two_numbers_active_pair_checks/instance_00044/interactions.json,100,True,1,100,0,1.0,exact,correct_guess,1.0,11,0.7333333333333333,4,right,False,True
active_pair_checks,gpt-4.1-2025-04-14,active_pair_checks,two_numbers,two_numbers_active_pair_checks,abs_diff,50,True,12,True,False,False,33.33333333333333,33.33333333333333,12,12,0,0,0,1.0,0,11,15,0.3333333333333333,1,,100,/Users/shahrukh/Documents/Shahrukh_Thesis/Alien-Abduction/results/active_pair_checks/gpt-4.1-2025-04-14/two_numbers_active_pair_checks/instance_00050/instance.json,/Users/shahrukh/Documents/Shahrukh_Thesis/Alien-Abduction/results/active_pair_checks/gpt-4.1-2025-04-14/two_numbers_active_pair_checks/instance_00050/scores.json,/Users/shahrukh/Documents/Shahrukh_Thesis/Alien-Abduction/results/active_pair_checks/gpt-4.1-2025-04-14/two_numbers_active_pair_checks/experiment.json,/Users/shahrukh/Documents/Shahrukh_Thesis/Alien-Abduction/results/active_pair_checks/gpt-4.1-2025-04-14/two_numbers_active_pair_checks/instance_00050/interactions.json,100,True,1,100,0,1.0,exact,correct_guess,1.0,12,0.8,3,right,False,True
active_pair_checks,gpt-4.1-2025-04-14,active_pair_checks,two_numbers,two_numbers_active_pair_checks,first_minus_second,56,True,11,True,False,False,40.0,40.0,11,11,0,0,0,1.0,0,10,15,0.4,1,,100,/Users/shahrukh/Documents/Shahrukh_Thesis/Alien-Abduction/results/active_pair_checks/gpt-4.1-2025-04-14/two_numbers_active_pair_checks/instance_00056/instance.json,/Users/shahrukh/Documents/Shahrukh_Thesis/Alien-Abduction/results/active_pair_checks/gpt-4.1-2025-04-14/two_numbers_active_pair_checks/instance_00056/scores.json,/Users/shahrukh/Documents/Shahrukh_Thesis/Alien-Abduction/results/active_pair_checks/gpt-4.1-2025-04-14/two_numbers_active_pair_checks/experiment.json,/Users/shahrukh/Documents/Shahrukh_Thesis/Alien-Abduction/results/active_pair_checks/gpt-4.1-2025-04-14/two_numbers_active_pair_checks/instance_00056/interactions.json,100,True,1,100,0,1.0,exact,correct_guess,1.0,11,0.7333333333333333,4,right,False,True
active_pair_checks,gpt-4.1-2025-04-14,active_pair_checks,string,string_active_pair_checks,reverse_str,62,True,9,True,False,False,53.333333333333336,53.333333333333336,9,9,0,0,0,1.0,0,8,15,0.5333333333333333,1,,100,/Users/shahrukh/Documents/Shahrukh_Thesis/Alien-Abduction/results/active_pair_checks/gpt-4.1-2025-04-14/string_active_pair_checks/instance_00062/instance.json,/Users/shahrukh/Documents/Shahrukh_Thesis/Alien-Abduction/results/active_pair_checks/gpt-4.1-2025-04-14/string_active_pair_checks/instance_00062/scores.json,/Users/shahrukh/Documents/Shahrukh_Thesis/Alien-Abduction/results/active_pair_checks/gpt-4.1-2025-04-14/string_active_pair_checks/experiment.json,/Users/shahrukh/Documents/Shahrukh_Thesis/Alien-Abduction/results/active_pair_checks/gpt-4.1-2025-04-14/string_active_pair_checks/instance_00062/interactions.json,100,True,1,100,0,1.0,exact,correct_guess,1.0,9,0.6,6,right,False,True
active_pair_checks,gpt-4.1-2025-04-14,active_pair_checks,string,string_active_pair_checks,first_char,68,True,12,False,True,False,0.0,0.0,12,12,0,0,0,1.0,0,11,15,0.3333333333333333,1,,100,/Users/shahrukh/Documents/Shahrukh_Thesis/Alien-Abduction/results/active_pair_checks/gpt-4.1-2025-04-14/string_active_pair_checks/instance_00068/instance.json,/Users/shahrukh/Documents/Shahrukh_Thesis/Alien-Abduction/results/active_pair_checks/gpt-4.1-2025-04-14/string_active_pair_checks/instance_00068/scores.json,/Users/shahrukh/Documents/Shahrukh_Thesis/Alien-Abduction/results/active_pair_checks/gpt-4.1-2025-04-14/string_active_pair_checks/experiment.json,/Users/shahrukh/Documents/Shahrukh_Thesis/Alien-Abduction/results/active_pair_checks/gpt-4.1-2025-04-14/string_active_pair_checks/instance_00068/interactions.json,100,False,0,0,100,0.0,failure,wrong_function_guess,1.0,12,0.8,3,wrong,False,True
active_pair_checks,gpt-4.1-2025-04-14,active_pair_checks,string,string_active_pair_checks,add_exclamation,74,True,12,False,True,False,0.0,0.0,12,12,0,0,0,1.0,0,11,15,0.3333333333333333,1,,100,/Users/shahrukh/Documents/Shahrukh_Thesis/Alien-Abduction/results/active_pair_checks/gpt-4.1-2025-04-14/string_active_pair_checks/instance_00074/instance.json,/Users/shahrukh/Documents/Shahrukh_Thesis/Alien-Abduction/results/active_pair_checks/gpt-4.1-2025-04-14/string_active_pair_checks/instance_00074/scores.json,/Users/shahrukh/Documents/Shahrukh_Thesis/Alien-Abduction/results/active_pair_checks/gpt-4.1-2025-04-14/string_active_pair_checks/experiment.json,/Users/shahrukh/Documents/Shahrukh_Thesis/Alien-Abduction/results/active_pair_checks/gpt-4.1-2025-04-14/string_active_pair_checks/instance_00074/interactions.json,100,False,0,0,100,0.0,failure,wrong_function_guess,1.0,12,0.8,3,wrong,False,True
active_pair_checks,gpt-4.1-2025-04-14,active_pair_checks,string,string_active_pair_checks,uppercase_str,80,True,12,True,False,False,33.33333333333333,33.33333333333333,12,12,0,0,0,1.0,0,11,15,0.3333333333333333,1,,100,/Users/shahrukh/Documents/Shahrukh_Thesis/Alien-Abduction/results/active_pair_checks/gpt-4.1-2025-04-14/string_active_pair_checks/instance_00080/instance.json,/Users/shahrukh/Documents/Shahrukh_Thesis/Alien-Abduction/results/active_pair_checks/gpt-4.1-2025-04-14/string_active_pair_checks/instance_00080/scores.json,/Users/shahrukh/Documents/Shahrukh_Thesis/Alien-Abduction/results/active_pair_checks/gpt-4.1-2025-04-14/string_active_pair_checks/experiment.json,/Users/shahrukh/Documents/Shahrukh_Thesis/Alien-Abduction/results/active_pair_checks/gpt-4.1-2025-04-14/string_active_pair_checks/instance_00080/interactions.json,100,True,1,100,0,1.0,exact,correct_guess,1.0,12,0.8,3,right,False,True
active_pair_checks,gpt-4.1-2025-04-14,active_pair_checks,string,string_active_pair_checks,remove_space,86,True,12,True,False,False,33.33333333333333,33.33333333333333,12,12,0,0,0,1.0,0,11,15,0.3333333333333333,1,,100,/Users/shahrukh/Documents/Shahrukh_Thesis/Alien-Abduction/results/active_pair_checks/gpt-4.1-2025-04-14/string_active_pair_checks/instance_00086/instance.json,/Users/shahrukh/Documents/Shahrukh_Thesis/Alien-Abduction/results/active_pair_checks/gpt-4.1-2025-04-14/string_active_pair_checks/instance_00086/scores.json,/Users/shahrukh/Documents/Shahrukh_Thesis/Alien-Abduction/results/active_pair_checks/gpt-4.1-2025-04-14/string_active_pair_checks/experiment.json,/Users/shahrukh/Documents/Shahrukh_Thesis/Alien-Abduction/results/active_pair_checks/gpt-4.1-2025-04-14/string_active_pair_checks/instance_00086/interactions.json,100,True,1,100,0,1.0,exact,correct_guess,1.0,12,0.8,3,right,False,True
active_pair_checks,gpt-4.1-2025-04-14,active_pair_checks,list,list_active_pair_checks,list_len,92,True,13,False,True,False,0.0,0.0,13,13,0,0,0,0.5,3,12,15,0.26666666666666666,1,,100,/Users/shahrukh/Documents/Shahrukh_Thesis/Alien-Abduction/results/active_pair_checks/gpt-4.1-2025-04-14/list_active_pair_checks/instance_00092/instance.json,/Users/shahrukh/Documents/Shahrukh_Thesis/Alien-Abduction/results/active_pair_checks/gpt-4.1-2025-04-14/list_active_pair_checks/instance_00092/scores.json,/Users/shahrukh/Documents/Shahrukh_Thesis/Alien-Abduction/results/active_pair_checks/gpt-4.1-2025-04-14/list_active_pair_checks/experiment.json,/Users/shahrukh/Documents/Shahrukh_Thesis/Alien-Abduction/results/active_pair_checks/gpt-4.1-2025-04-14/list_active_pair_checks/instance_00092/interactions.json,100,False,0,0,100,0.0,failure,wrong_function_guess,0.5,13,0.8666666666666667,2,wrong,False,True
active_pair_checks,gpt-4.1-2025-04-14,active_pair_checks,list,list_active_pair_checks,ret_first_item,98,True,11,True,False,False,40.0,40.0,11,11,0,0,0,1.0,0,10,15,0.4,1,,100,/Users/shahrukh/Documents/Shahrukh_Thesis/Alien-Abduction/results/active_pair_checks/gpt-4.1-2025-04-14/list_active_pair_checks/instance_00098/instance.json,/Users/shahrukh/Documents/Shahrukh_Thesis/Alien-Abduction/results/active_pair_checks/gpt-4.1-2025-04-14/list_active_pair_checks/instance_00098/scores.json,/Users/shahrukh/Documents/Shahrukh_Thesis/Alien-Abduction/results/active_pair_checks/gpt-4.1-2025-04-14/list_active_pair_checks/experiment.json,/Users/shahrukh/Documents/Shahrukh_Thesis/Alien-Abduction/results/active_pair_checks/gpt-4.1-2025-04-14/list_active_pair_checks/instance_00098/interactions.json,100,True,1,100,0,1.0,exact,correct_guess,1.0,11,0.7333333333333333,4,right,False,True
active_pair_checks,gpt-4.1-2025-04-14,active_pair_checks,list,list_active_pair_checks,sum_list,104,True,10,True,False,False,46.666666666666664,46.666666666666664,10,10,0,0,0,1.0,0,9,15,0.4666666666666667,1,,100,/Users/shahrukh/Documents/Shahrukh_Thesis/Alien-Abduction/results/active_pair_checks/gpt-4.1-2025-04-14/list_active_pair_checks/instance_00104/instance.json,/Users/shahrukh/Documents/Shahrukh_Thesis/Alien-Abduction/results/active_pair_checks/gpt-4.1-2025-04-14/list_active_pair_checks/instance_00104/scores.json,/Users/shahrukh/Documents/Shahrukh_Thesis/Alien-Abduction/results/active_pair_checks/gpt-4.1-2025-04-14/list_active_pair_checks/experiment.json,/Users/shahrukh/Documents/Shahrukh_Thesis/Alien-Abduction/results/active_pair_checks/gpt-4.1-2025-04-14/list_active_pair_checks/instance_00104/interactions.json,100,True,1,100,0,1.0,exact,correct_guess,1.0,10,0.6666666666666666,5,right,False,True
active_pair_checks,gpt-4.1-2025-04-14,active_pair_checks,list,list_active_pair_checks,count_zeros,110,True,12,False,True,False,0.0,0.0,12,12,0,0,0,0.875,1,11,15,0.3333333333333333,1,,100,/Users/shahrukh/Documents/Shahrukh_Thesis/Alien-Abduction/results/active_pair_checks/gpt-4.1-2025-04-14/list_active_pair_checks/instance_00110/instance.json,/Users/shahrukh/Documents/Shahrukh_Thesis/Alien-Abduction/results/active_pair_checks/gpt-4.1-2025-04-14/list_active_pair_checks/instance_00110/scores.json,/Users/shahrukh/Documents/Shahrukh_Thesis/Alien-Abduction/results/active_pair_checks/gpt-4.1-2025-04-14/list_active_pair_checks/experiment.json,/Users/shahrukh/Documents/Shahrukh_Thesis/Alien-Abduction/results/active_pair_checks/gpt-4.1-2025-04-14/list_active_pair_checks/instance_00110/interactions.json,100,False,0,0,100,0.0,failure,wrong_function_guess,0.875,12,0.8,3,wrong,False,True
active_pair_checks,gpt-4.1-2025-04-14,active_pair_checks,list,list_active_pair_checks,rmv_duplicates,116,True,12,True,False,False,33.33333333333333,33.33333333333333,12,12,0,0,0,1.0,0,11,15,0.3333333333333333,1,,100,/Users/shahrukh/Documents/Shahrukh_Thesis/Alien-Abduction/results/active_pair_checks/gpt-4.1-2025-04-14/list_active_pair_checks/instance_00116/instance.json,/Users/shahrukh/Documents/Shahrukh_Thesis/Alien-Abduction/results/active_pair_checks/gpt-4.1-2025-04-14/list_active_pair_checks/instance_00116/scores.json,/Users/shahrukh/Documents/Shahrukh_Thesis/Alien-Abduction/results/active_pair_checks/gpt-4.1-2025-04-14/list_active_pair_checks/experiment.json,/Users/shahrukh/Documents/Shahrukh_Thesis/Alien-Abduction/results/active_pair_checks/gpt-4.1-2025-04-14/list_active_pair_checks/instance_00116/interactions.json,100,True,1,100,0,1.0,exact,correct_guess,1.0,12,0.8,3,right,False,True
active_pair_checks,gpt-4.1-2025-04-14,active_pair_checks,logic,logic_active_pair_checks,logic_and,122,True,9,False,True,False,0.0,0.0,9,9,0,0,0,0.75,1,8,15,0.5333333333333333,1,,4,/Users/shahrukh/Documents/Shahrukh_Thesis/Alien-Abduction/results/active_pair_checks/gpt-4.1-2025-04-14/logic_active_pair_checks/instance_00122/instance.json,/Users/shahrukh/Documents/Shahrukh_Thesis/Alien-Abduction/results/active_pair_checks/gpt-4.1-2025-04-14/logic_active_pair_checks/instance_00122/scores.json,/Users/shahrukh/Documents/Shahrukh_Thesis/Alien-Abduction/results/active_pair_checks/gpt-4.1-2025-04-14/logic_active_pair_checks/experiment.json,/Users/shahrukh/Documents/Shahrukh_Thesis/Alien-Abduction/results/active_pair_checks/gpt-4.1-2025-04-14/logic_active_pair_checks/instance_00122/interactions.json,4,False,0,0,4,0.0,failure,wrong_function_guess,0.75,9,0.6,6,wrong,False,True
active_pair_checks,gpt-4.1-2025-04-14,active_pair_checks,logic,logic_active_pair_checks,logic_or,128,True,8,True,False,False,60.0,60.0,8,8,0,0,0,1.0,0,7,15,0.6,1,,4,/Users/shahrukh/Documents/Shahrukh_Thesis/Alien-Abduction/results/active_pair_checks/gpt-4.1-2025-04-14/logic_active_pair_checks/instance_00128/instance.json,/Users/shahrukh/Documents/Shahrukh_Thesis/Alien-Abduction/results/active_pair_checks/gpt-4.1-2025-04-14/logic_active_pair_checks/instance_00128/scores.json,/Users/shahrukh/Documents/Shahrukh_Thesis/Alien-Abduction/results/active_pair_checks/gpt-4.1-2025-04-14/logic_active_pair_checks/experiment.json,/Users/shahrukh/Documents/Shahrukh_Thesis/Alien-Abduction/results/active_pair_checks/gpt-4.1-2025-04-14/logic_active_pair_checks/instance_00128/interactions.json,4,True,1,4,0,1.0,exact,correct_guess,1.0,8,0.5333333333333333,7,right,False,True
active_pair_checks,gpt-4.1-2025-04-14,active_pair_checks,logic,logic_active_pair_checks,logic_xor,134,True,7,False,True,False,0.0,0.0,7,7,0,0,0,0.75,1,6,15,0.6666666666666666,1,,4,/Users/shahrukh/Documents/Shahrukh_Thesis/Alien-Abduction/results/active_pair_checks/gpt-4.1-2025-04-14/logic_active_pair_checks/instance_00134/instance.json,/Users/shahrukh/Documents/Shahrukh_Thesis/Alien-Abduction/results/active_pair_checks/gpt-4.1-2025-04-14/logic_active_pair_checks/instance_00134/scores.json,/Users/shahrukh/Documents/Shahrukh_Thesis/Alien-Abduction/results/active_pair_checks/gpt-4.1-2025-04-14/logic_active_pair_checks/experiment.json,/Users/shahrukh/Documents/Shahrukh_Thesis/Alien-Abduction/results/active_pair_checks/gpt-4.1-2025-04-14/logic_active_pair_checks/instance_00134/interactions.json,4,False,0,0,4,0.0,failure,wrong_function_guess,0.75,7,0.4666666666666667,8,wrong,False,True
active_pair_checks,gpt-4.1-2025-04-14,active_pair_checks,logic,logic_active_pair_checks,not_value,140,True,5,True,False,False,80.0,80.0,5,5,0,0,0,1.0,0,4,15,0.8,1,,2,/Users/shahrukh/Documents/Shahrukh_Thesis/Alien-Abduction/results/active_pair_checks/gpt-4.1-2025-04-14/logic_active_pair_checks/instance_00140/instance.json,/Users/shahrukh/Documents/Shahrukh_Thesis/Alien-Abduction/results/active_pair_checks/gpt-4.1-2025-04-14/logic_active_pair_checks/instance_00140/scores.json,/Users/shahrukh/Documents/Shahrukh_Thesis/Alien-Abduction/results/active_pair_checks/gpt-4.1-2025-04-14/logic_active_pair_checks/experiment.json,/Users/shahrukh/Documents/Shahrukh_Thesis/Alien-Abduction/results/active_pair_checks/gpt-4.1-2025-04-14/logic_active_pair_checks/instance_00140/interactions.json,2,True,1,2,0,1.0,exact,correct_guess,1.0,5,0.3333333333333333,10,right,False,True
active_pair_checks,gpt-4.1-2025-04-14,active_pair_checks,logic,logic_active_pair_checks,implies,146,True,9,False,True,False,0.0,0.0,9,9,0,0,0,0.75,1,8,15,0.5333333333333333,1,,4,/Users/shahrukh/Documents/Shahrukh_Thesis/Alien-Abduction/results/active_pair_checks/gpt-4.1-2025-04-14/logic_active_pair_checks/instance_00146/instance.json,/Users/shahrukh/Documents/Shahrukh_Thesis/Alien-Abduction/results/active_pair_checks/gpt-4.1-2025-04-14/logic_active_pair_checks/instance_00146/scores.json,/Users/shahrukh/Documents/Shahrukh_Thesis/Alien-Abduction/results/active_pair_checks/gpt-4.1-2025-04-14/logic_active_pair_checks/experiment.json,/Users/shahrukh/Documents/Shahrukh_Thesis/Alien-Abduction/results/active_pair_checks/gpt-4.1-2025-04-14/logic_active_pair_checks/instance_00146/interactions.json,4,False,0,0,4,0.0,failure,wrong_function_guess,0.75,9,0.6,6,wrong,False,True
active_pair_checks,gpt-4.1-mini,active_pair_checks,numbers,numbers_active_pair_checks,absolute_value,2,True,15,False,True,False,0.0,0.0,15,15,0,0,0,0.0,0,15,15,0.0,0,,100,/Users/shahrukh/Documents/Shahrukh_Thesis/Alien-Abduction/results/active_pair_checks/gpt-4.1-mini/numbers_active_pair_checks/instance_00002/instance.json,/Users/shahrukh/Documents/Shahrukh_Thesis/Alien-Abduction/results/active_pair_checks/gpt-4.1-mini/numbers_active_pair_checks/instance_00002/scores.json,/Users/shahrukh/Documents/Shahrukh_Thesis/Alien-Abduction/results/active_pair_checks/gpt-4.1-mini/numbers_active_pair_checks/experiment.json,/Users/shahrukh/Documents/Shahrukh_Thesis/Alien-Abduction/results/active_pair_checks/gpt-4.1-mini/numbers_active_pair_checks/instance_00002/interactions.json,100,False,0,0,100,0.0,failure,wrong_function_guess,0.0,15,1.0,0,wrong,False,True
active_pair_checks,gpt-4.1-mini,active_pair_checks,numbers,numbers_active_pair_checks,add_one,8,True,14,False,True,False,0.0,0.0,14,14,0,0,0,0.5,3,13,15,0.2,1,,100,/Users/shahrukh/Documents/Shahrukh_Thesis/Alien-Abduction/results/active_pair_checks/gpt-4.1-mini/numbers_active_pair_checks/instance_00008/instance.json,/Users/shahrukh/Documents/Shahrukh_Thesis/Alien-Abduction/results/active_pair_checks/gpt-4.1-mini/numbers_active_pair_checks/instance_00008/scores.json,/Users/shahrukh/Documents/Shahrukh_Thesis/Alien-Abduction/results/active_pair_checks/gpt-4.1-mini/numbers_active_pair_checks/experiment.json,/Users/shahrukh/Documents/Shahrukh_Thesis/Alien-Abduction/results/active_pair_checks/gpt-4.1-mini/numbers_active_pair_checks/instance_00008/interactions.json,100,False,0,0,100,0.0,failure,wrong_function_guess,0.5,14,0.9333333333333333,1,wrong,False,True
active_pair_checks,gpt-4.1-mini,active_pair_checks,numbers,numbers_active_pair_checks,clamp_to_0_9,14,True,14,False,True,False,0.0,0.0,14,14,0,0,0,1.0,0,13,15,0.2,1,,100,/Users/shahrukh/Documents/Shahrukh_Thesis/Alien-Abduction/results/active_pair_checks/gpt-4.1-mini/numbers_active_pair_checks/instance_00014/instance.json,/Users/shahrukh/Documents/Shahrukh_Thesis/Alien-Abduction/results/active_pair_checks/gpt-4.1-mini/numbers_active_pair_checks/instance_00014/scores.json,/Users/shahrukh/Documents/Shahrukh_Thesis/Alien-Abduction/results/active_pair_checks/gpt-4.1-mini/numbers_active_pair_checks/experiment.json,/Users/shahrukh/Documents/Shahrukh_Thesis/Alien-Abduction/results/active_pair_checks/gpt-4.1-mini/numbers_active_pair_checks/instance_00014/interactions.json,100,False,0,0,100,0.0,failure,wrong_function_guess,1.0,14,0.9333333333333333,1,wrong,False,True
active_pair_checks,gpt-4.1-mini,active_pair_checks,numbers,numbers_active_pair_checks,is_even,20,True,12,True,False,False,33.33333333333333,33.33333333333333,12,12,0,0,0,1.0,0,11,15,0.3333333333333333,1,,100,/Users/shahrukh/Documents/Shahrukh_Thesis/Alien-Abduction/results/active_pair_checks/gpt-4.1-mini/numbers_active_pair_checks/instance_00020/instance.json,/Users/shahrukh/Documents/Shahrukh_Thesis/Alien-Abduction/results/active_pair_checks/gpt-4.1-mini/numbers_active_pair_checks/instance_00020/scores.json,/Users/shahrukh/Documents/Shahrukh_Thesis/Alien-Abduction/results/active_pair_checks/gpt-4.1-mini/numbers_active_pair_checks/experiment.json,/Users/shahrukh/Documents/Shahrukh_Thesis/Alien-Abduction/results/active_pair_checks/gpt-4.1-mini/numbers_active_pair_checks/instance_00020/interactions.json,100,True,1,100,0,1.0,exact,correct_guess,1.0,12,0.8,3,right,False,True
active_pair_checks,gpt-4.1-mini,active_pair_checks,numbers,numbers_active_pair_checks,sign_label,26,True,15,False,True,False,0.0,0.0,15,15,0,0,0,1.0,0,14,15,0.13333333333333333,1,,100,/Users/shahrukh/Documents/Shahrukh_Thesis/Alien-Abduction/results/active_pair_checks/gpt-4.1-mini/numbers_active_pair_checks/instance_00026/instance.json,/Users/shahrukh/Documents/Shahrukh_Thesis/Alien-Abduction/results/active_pair_checks/gpt-4.1-mini/numbers_active_pair_checks/instance_00026/scores.json,/Users/shahrukh/Documents/Shahrukh_Thesis/Alien-Abduction/results/active_pair_checks/gpt-4.1-mini/numbers_active_pair_checks/experiment.json,/Users/shahrukh/Documents/Shahrukh_Thesis/Alien-Abduction/results/active_pair_checks/gpt-4.1-mini/numbers_active_pair_checks/instance_00026/interactions.json,100,False,0,0,100,0.0,failure,wrong_function_guess,1.0,15,1.0,0,wrong,False,True
active_pair_checks,gpt-4.1-mini,active_pair_checks,two_numbers,two_numbers_active_pair_checks,min_value,32,True,15,False,True,False,0.0,0.0,15,14,1,1,0,0.0,0,14,15,0.0,0,,100,/Users/shahrukh/Documents/Shahrukh_Thesis/Alien-Abduction/results/active_pair_checks/gpt-4.1-mini/two_numbers_active_pair_checks/instance_00032/instance.json,/Users/shahrukh/Documents/Shahrukh_Thesis/Alien-Abduction/results/active_pair_checks/gpt-4.1-mini/two_numbers_active_pair_checks/instance_00032/scores.json,/Users/shahrukh/Documents/Shahrukh_Thesis/Alien-Abduction/results/active_pair_checks/gpt-4.1-mini/two_numbers_active_pair_checks/experiment.json,/Users/shahrukh/Documents/Shahrukh_Thesis/Alien-Abduction/results/active_pair_checks/gpt-4.1-mini/two_numbers_active_pair_checks/instance_00032/interactions.json,100,False,0,0,100,0.0,failure,protocol_or_format_error,0.0,15,1.0,0,wrong,False,True
active_pair_checks,gpt-4.1-mini,active_pair_checks,two_numbers,two_numbers_active_pair_checks,max_value,38,True,15,False,True,False,0.0,0.0,15,15,0,0,0,0.0,0,15,15,0.0,0,,100,/Users/shahrukh/Documents/Shahrukh_Thesis/Alien-Abduction/results/active_pair_checks/gpt-4.1-mini/two_numbers_active_pair_checks/instance_00038/instance.json,/Users/shahrukh/Documents/Shahrukh_Thesis/Alien-Abduction/results/active_pair_checks/gpt-4.1-mini/two_numbers_active_pair_checks/instance_00038/scores.json,/Users/shahrukh/Documents/Shahrukh_Thesis/Alien-Abduction/results/active_pair_checks/gpt-4.1-mini/two_numbers_active_pair_checks/experiment.json,/Users/shahrukh/Documents/Shahrukh_Thesis/Alien-Abduction/results/active_pair_checks/gpt-4.1-mini/two_numbers_active_pair_checks/instance_00038/interactions.json,100,False,0,0,100,0.0,failure,wrong_function_guess,0.0,15,1.0,0,wrong,False,True
active_pair_checks,gpt-4.1-mini,active_pair_checks,two_numbers,two_numbers_active_pair_checks,sum_two,44,True,12,False,False,True,0.0,0.0,12,12,0,0,0,0.0,0,11,15,0.0,0,,100,/Users/shahrukh/Documents/Shahrukh_Thesis/Alien-Abduction/results/active_pair_checks/gpt-4.1-mini/two_numbers_active_pair_checks/instance_00044/instance.json,/Users/shahrukh/Documents/Shahrukh_Thesis/Alien-Abduction/results/active_pair_checks/gpt-4.1-mini/two_numbers_active_pair_checks/instance_00044/scores.json,/Users/shahrukh/Documents/Shahrukh_Thesis/Alien-Abduction/results/active_pair_checks/gpt-4.1-mini/two_numbers_active_pair_checks/experiment.json,/Users/shahrukh/Documents/Shahrukh_Thesis/Alien-Abduction/results/active_pair_checks/gpt-4.1-mini/two_numbers_active_pair_checks/instance_00044/interactions.json,100,False,0,0,100,0.0,failure,aborted,0.0,12,0.8,3,wrong,False,True
active_pair_checks,gpt-4.1-mini,active_pair_checks,two_numbers,two_numbers_active_pair_checks,abs_diff,50,True,13,False,False,True,0.0,0.0,13,13,0,0,0,0.0,0,12,15,0.0,0,,100,/Users/shahrukh/Documents/Shahrukh_Thesis/Alien-Abduction/results/active_pair_checks/gpt-4.1-mini/two_numbers_active_pair_checks/instance_00050/instance.json,/Users/shahrukh/Documents/Shahrukh_Thesis/Alien-Abduction/results/active_pair_checks/gpt-4.1-mini/two_numbers_active_pair_checks/instance_00050/scores.json,/Users/shahrukh/Documents/Shahrukh_Thesis/Alien-Abduction/results/active_pair_checks/gpt-4.1-mini/two_numbers_active_pair_checks/experiment.json,/Users/shahrukh/Documents/Shahrukh_Thesis/Alien-Abduction/results/active_pair_checks/gpt-4.1-mini/two_numbers_active_pair_checks/instance_00050/interactions.json,100,False,0,0,100,0.0,failure,aborted,0.0,13,0.8666666666666667,2,wrong,False,True
active_pair_checks,gpt-4.1-mini,active_pair_checks,two_numbers,two_numbers_active_pair_checks,first_minus_second,56,True,11,False,False,True,0.0,0.0,11,11,0,0,0,0.0,0,10,15,0.0,0,,100,/Users/shahrukh/Documents/Shahrukh_Thesis/Alien-Abduction/results/active_pair_checks/gpt-4.1-mini/two_numbers_active_pair_checks/instance_00056/instance.json,/Users/shahrukh/Documents/Shahrukh_Thesis/Alien-Abduction/results/active_pair_checks/gpt-4.1-mini/two_numbers_active_pair_checks/instance_00056/scores.json,/Users/shahrukh/Documents/Shahrukh_Thesis/Alien-Abduction/results/active_pair_checks/gpt-4.1-mini/two_numbers_active_pair_checks/experiment.json,/Users/shahrukh/Documents/Shahrukh_Thesis/Alien-Abduction/results/active_pair_checks/gpt-4.1-mini/two_numbers_active_pair_checks/instance_00056/interactions.json,100,False,0,0,100,0.0,failure,aborted,0.0,11,0.7333333333333333,4,wrong,False,True
active_pair_checks,gpt-4.1-mini,active_pair_checks,string,string_active_pair_checks,reverse_str,62,True,10,False,False,True,0.0,0.0,10,10,0,0,0,0.0,0,9,15,0.0,0,,100,/Users/shahrukh/Documents/Shahrukh_Thesis/Alien-Abduction/results/active_pair_checks/gpt-4.1-mini/string_active_pair_checks/instance_00062/instance.json,/Users/shahrukh/Documents/Shahrukh_Thesis/Alien-Abduction/results/active_pair_checks/gpt-4.1-mini/string_active_pair_checks/instance_00062/scores.json,/Users/shahrukh/Documents/Shahrukh_Thesis/Alien-Abduction/results/active_pair_checks/gpt-4.1-mini/string_active_pair_checks/experiment.json,/Users/shahrukh/Documents/Shahrukh_Thesis/Alien-Abduction/results/active_pair_checks/gpt-4.1-mini/string_active_pair_checks/instance_00062/interactions.json,100,False,0,0,100,0.0,failure,aborted,0.0,10,0.6666666666666666,5,wrong,False,True
active_pair_checks,gpt-4.1-mini,active_pair_checks,string,string_active_pair_checks,first_char,68,True,14,False,False,True,0.0,0.0,14,14,0,0,0,0.0,0,13,15,0.0,0,,100,/Users/shahrukh/Documents/Shahrukh_Thesis/Alien-Abduction/results/active_pair_checks/gpt-4.1-mini/string_active_pair_checks/instance_00068/instance.json,/Users/shahrukh/Documents/Shahrukh_Thesis/Alien-Abduction/results/active_pair_checks/gpt-4.1-mini/string_active_pair_checks/instance_00068/scores.json,/Users/shahrukh/Documents/Shahrukh_Thesis/Alien-Abduction/results/active_pair_checks/gpt-4.1-mini/string_active_pair_checks/experiment.json,/Users/shahrukh/Documents/Shahrukh_Thesis/Alien-Abduction/results/active_pair_checks/gpt-4.1-mini/string_active_pair_checks/instance_00068/interactions.json,100,False,0,0,100,0.0,failure,aborted,0.0,14,0.9333333333333333,1,wrong,False,True
active_pair_checks,gpt-4.1-mini,active_pair_checks,string,string_active_pair_checks,add_exclamation,74,True,15,False,True,False,0.0,0.0,15,15,0,0,0,0.0,0,15,15,0.0,0,,100,/Users/shahrukh/Documents/Shahrukh_Thesis/Alien-Abduction/results/active_pair_checks/gpt-4.1-mini/string_active_pair_checks/instance_00074/instance.json,/Users/shahrukh/Documents/Shahrukh_Thesis/Alien-Abduction/results/active_pair_checks/gpt-4.1-mini/string_active_pair_checks/instance_00074/scores.json,/Users/shahrukh/Documents/Shahrukh_Thesis/Alien-Abduction/results/active_pair_checks/gpt-4.1-mini/string_active_pair_checks/experiment.json,/Users/shahrukh/Documents/Shahrukh_Thesis/Alien-Abduction/results/active_pair_checks/gpt-4.1-mini/string_active_pair_checks/instance_00074/interactions.json,100,False,0,0,100,0.0,failure,wrong_function_guess,0.0,15,1.0,0,wrong,False,True
active_pair_checks,gpt-4.1-mini,active_pair_checks,string,string_active_pair_checks,uppercase_str,80,True,9,False,False,True,0.0,0.0,9,9,0,0,0,0.0,0,8,15,0.0,0,,100,/Users/shahrukh/Documents/Shahrukh_Thesis/Alien-Abduction/results/active_pair_checks/gpt-4.1-mini/string_active_pair_checks/instance_00080/instance.json,/Users/shahrukh/Documents/Shahrukh_Thesis/Alien-Abduction/results/active_pair_checks/gpt-4.1-mini/string_active_pair_checks/instance_00080/scores.json,/Users/shahrukh/Documents/Shahrukh_Thesis/Alien-Abduction/results/active_pair_checks/gpt-4.1-mini/string_active_pair_checks/experiment.json,/Users/shahrukh/Documents/Shahrukh_Thesis/Alien-Abduction/results/active_pair_checks/gpt-4.1-mini/string_active_pair_checks/instance_00080/interactions.json,100,False,0,0,100,0.0,failure,aborted,0.0,9,0.6,6,wrong,False,True
active_pair_checks,gpt-4.1-mini,active_pair_checks,string,string_active_pair_checks,remove_space,86,True,15,False,True,False,0.0,0.0,15,15,0,0,0,0.0,0,15,15,0.0,0,,100,/Users/shahrukh/Documents/Shahrukh_Thesis/Alien-Abduction/results/active_pair_checks/gpt-4.1-mini/string_active_pair_checks/instance_00086/instance.json,/Users/shahrukh/Documents/Shahrukh_Thesis/Alien-Abduction/results/active_pair_checks/gpt-4.1-mini/string_active_pair_checks/instance_00086/scores.json,/Users/shahrukh/Documents/Shahrukh_Thesis/Alien-Abduction/results/active_pair_checks/gpt-4.1-mini/string_active_pair_checks/experiment.json,/Users/shahrukh/Documents/Shahrukh_Thesis/Alien-Abduction/results/active_pair_checks/gpt-4.1-mini/string_active_pair_checks/instance_00086/interactions.json,100,False,0,0,100,0.0,failure,wrong_function_guess,0.0,15,1.0,0,wrong,False,True
active_pair_checks,gpt-4.1-mini,active_pair_checks,list,list_active_pair_checks,list_len,92,True,15,False,True,False,0.0,0.0,15,14,1,1,0,0.0,0,14,15,0.0,0,,100,/Users/shahrukh/Documents/Shahrukh_Thesis/Alien-Abduction/results/active_pair_checks/gpt-4.1-mini/list_active_pair_checks/instance_00092/instance.json,/Users/shahrukh/Documents/Shahrukh_Thesis/Alien-Abduction/results/active_pair_checks/gpt-4.1-mini/list_active_pair_checks/instance_00092/scores.json,/Users/shahrukh/Documents/Shahrukh_Thesis/Alien-Abduction/results/active_pair_checks/gpt-4.1-mini/list_active_pair_checks/experiment.json,/Users/shahrukh/Documents/Shahrukh_Thesis/Alien-Abduction/results/active_pair_checks/gpt-4.1-mini/list_active_pair_checks/instance_00092/interactions.json,100,False,0,0,100,0.0,failure,protocol_or_format_error,0.0,15,1.0,0,wrong,False,True
active_pair_checks,gpt-4.1-mini,active_pair_checks,list,list_active_pair_checks,ret_first_item,98,True,15,False,True,False,0.0,0.0,15,15,0,0,0,0.0,0,15,15,0.0,0,,100,/Users/shahrukh/Documents/Shahrukh_Thesis/Alien-Abduction/results/active_pair_checks/gpt-4.1-mini/list_active_pair_checks/instance_00098/instance.json,/Users/shahrukh/Documents/Shahrukh_Thesis/Alien-Abduction/results/active_pair_checks/gpt-4.1-mini/list_active_pair_checks/instance_00098/scores.json,/Users/shahrukh/Documents/Shahrukh_Thesis/Alien-Abduction/results/active_pair_checks/gpt-4.1-mini/list_active_pair_checks/experiment.json,/Users/shahrukh/Documents/Shahrukh_Thesis/Alien-Abduction/results/active_pair_checks/gpt-4.1-mini/list_active_pair_checks/instance_00098/interactions.json,100,False,0,0,100,0.0,failure,wrong_function_guess,0.0,15,1.0,0,wrong,False,True
active_pair_checks,gpt-4.1-mini,active_pair_checks,list,list_active_pair_checks,sum_list,104,True,15,False,True,False,0.0,0.0,15,15,0,0,0,0.0,0,15,15,0.0,0,,100,/Users/shahrukh/Documents/Shahrukh_Thesis/Alien-Abduction/results/active_pair_checks/gpt-4.1-mini/list_active_pair_checks/instance_00104/instance.json,/Users/shahrukh/Documents/Shahrukh_Thesis/Alien-Abduction/results/active_pair_checks/gpt-4.1-mini/list_active_pair_checks/instance_00104/scores.json,/Users/shahrukh/Documents/Shahrukh_Thesis/Alien-Abduction/results/active_pair_checks/gpt-4.1-mini/list_active_pair_checks/experiment.json,/Users/shahrukh/Documents/Shahrukh_Thesis/Alien-Abduction/results/active_pair_checks/gpt-4.1-mini/list_active_pair_checks/instance_00104/interactions.json,100,False,0,0,100,0.0,failure,wrong_function_guess,0.0,15,1.0,0,wrong,False,True
active_pair_checks,gpt-4.1-mini,active_pair_checks,list,list_active_pair_checks,count_zeros,110,True,15,False,True,False,0.0,0.0,15,15,0,0,0,0.0,0,15,15,0.0,0,,100,/Users/shahrukh/Documents/Shahrukh_Thesis/Alien-Abduction/results/active_pair_checks/gpt-4.1-mini/list_active_pair_checks/instance_00110/instance.json,/Users/shahrukh/Documents/Shahrukh_Thesis/Alien-Abduction/results/active_pair_checks/gpt-4.1-mini/list_active_pair_checks/instance_00110/scores.json,/Users/shahrukh/Documents/Shahrukh_Thesis/Alien-Abduction/results/active_pair_checks/gpt-4.1-mini/list_active_pair_checks/experiment.json,/Users/shahrukh/Documents/Shahrukh_Thesis/Alien-Abduction/results/active_pair_checks/gpt-4.1-mini/list_active_pair_checks/instance_00110/interactions.json,100,False,0,0,100,0.0,failure,wrong_function_guess,0.0,15,1.0,0,wrong,False,True
active_pair_checks,gpt-4.1-mini,active_pair_checks,list,list_active_pair_checks,rmv_duplicates,116,True,13,False,False,True,0.0,0.0,13,13,0,0,0,0.0,0,12,15,0.0,0,,100,/Users/shahrukh/Documents/Shahrukh_Thesis/Alien-Abduction/results/active_pair_checks/gpt-4.1-mini/list_active_pair_checks/instance_00116/instance.json,/Users/shahrukh/Documents/Shahrukh_Thesis/Alien-Abduction/results/active_pair_checks/gpt-4.1-mini/list_active_pair_checks/instance_00116/scores.json,/Users/shahrukh/Documents/Shahrukh_Thesis/Alien-Abduction/results/active_pair_checks/gpt-4.1-mini/list_active_pair_checks/experiment.json,/Users/shahrukh/Documents/Shahrukh_Thesis/Alien-Abduction/results/active_pair_checks/gpt-4.1-mini/list_active_pair_checks/instance_00116/interactions.json,100,False,0,0,100,0.0,failure,aborted,0.0,13,0.8666666666666667,2,wrong,False,True
active_pair_checks,gpt-4.1-mini,active_pair_checks,logic,logic_active_pair_checks,logic_and,122,True,5,False,False,True,0.0,0.0,5,5,0,0,0,0.0,0,4,15,0.0,0,,4,/Users/shahrukh/Documents/Shahrukh_Thesis/Alien-Abduction/results/active_pair_checks/gpt-4.1-mini/logic_active_pair_checks/instance_00122/instance.json,/Users/shahrukh/Documents/Shahrukh_Thesis/Alien-Abduction/results/active_pair_checks/gpt-4.1-mini/logic_active_pair_checks/instance_00122/scores.json,/Users/shahrukh/Documents/Shahrukh_Thesis/Alien-Abduction/results/active_pair_checks/gpt-4.1-mini/logic_active_pair_checks/experiment.json,/Users/shahrukh/Documents/Shahrukh_Thesis/Alien-Abduction/results/active_pair_checks/gpt-4.1-mini/logic_active_pair_checks/instance_00122/interactions.json,4,False,0,0,4,0.0,failure,aborted,0.0,5,0.3333333333333333,10,wrong,False,True
active_pair_checks,gpt-4.1-mini,active_pair_checks,logic,logic_active_pair_checks,logic_or,128,True,13,False,False,True,0.0,0.0,13,13,0,0,0,0.0,0,12,15,0.0,0,,4,/Users/shahrukh/Documents/Shahrukh_Thesis/Alien-Abduction/results/active_pair_checks/gpt-4.1-mini/logic_active_pair_checks/instance_00128/instance.json,/Users/shahrukh/Documents/Shahrukh_Thesis/Alien-Abduction/results/active_pair_checks/gpt-4.1-mini/logic_active_pair_checks/instance_00128/scores.json,/Users/shahrukh/Documents/Shahrukh_Thesis/Alien-Abduction/results/active_pair_checks/gpt-4.1-mini/logic_active_pair_checks/experiment.json,/Users/shahrukh/Documents/Shahrukh_Thesis/Alien-Abduction/results/active_pair_checks/gpt-4.1-mini/logic_active_pair_checks/instance_00128/interactions.json,4,False,0,0,4,0.0,failure,aborted,0.0,13,0.8666666666666667,2,wrong,False,True
active_pair_checks,gpt-4.1-mini,active_pair_checks,logic,logic_active_pair_checks,logic_xor,134,True,10,False,False,True,0.0,0.0,10,10,0,0,0,0.0,0,9,15,0.0,0,,4,/Users/shahrukh/Documents/Shahrukh_Thesis/Alien-Abduction/results/active_pair_checks/gpt-4.1-mini/logic_active_pair_checks/instance_00134/instance.json,/Users/shahrukh/Documents/Shahrukh_Thesis/Alien-Abduction/results/active_pair_checks/gpt-4.1-mini/logic_active_pair_checks/instance_00134/scores.json,/Users/shahrukh/Documents/Shahrukh_Thesis/Alien-Abduction/results/active_pair_checks/gpt-4.1-mini/logic_active_pair_checks/experiment.json,/Users/shahrukh/Documents/Shahrukh_Thesis/Alien-Abduction/results/active_pair_checks/gpt-4.1-mini/logic_active_pair_checks/instance_00134/interactions.json,4,False,0,0,4,0.0,failure,aborted,0.0,10,0.6666666666666666,5,wrong,False,True
active_pair_checks,gpt-4.1-mini,active_pair_checks,logic,logic_active_pair_checks,not_value,140,True,5,False,False,True,0.0,0.0,5,5,0,0,0,0.0,0,4,15,0.0,0,,2,/Users/shahrukh/Documents/Shahrukh_Thesis/Alien-Abduction/results/active_pair_checks/gpt-4.1-mini/logic_active_pair_checks/instance_00140/instance.json,/Users/shahrukh/Documents/Shahrukh_Thesis/Alien-Abduction/results/active_pair_checks/gpt-4.1-mini/logic_active_pair_checks/instance_00140/scores.json,/Users/shahrukh/Documents/Shahrukh_Thesis/Alien-Abduction/results/active_pair_checks/gpt-4.1-mini/logic_active_pair_checks/experiment.json,/Users/shahrukh/Documents/Shahrukh_Thesis/Alien-Abduction/results/active_pair_checks/gpt-4.1-mini/logic_active_pair_checks/instance_00140/interactions.json,2,False,0,0,2,0.0,failure,aborted,0.0,5,0.3333333333333333,10,wrong,False,True
active_pair_checks,gpt-4.1-mini,active_pair_checks,logic,logic_active_pair_checks,implies,146,True,10,False,False,True,0.0,0.0,10,10,0,0,0,0.0,0,9,15,0.0,0,,4,/Users/shahrukh/Documents/Shahrukh_Thesis/Alien-Abduction/results/active_pair_checks/gpt-4.1-mini/logic_active_pair_checks/instance_00146/instance.json,/Users/shahrukh/Documents/Shahrukh_Thesis/Alien-Abduction/results/active_pair_checks/gpt-4.1-mini/logic_active_pair_checks/instance_00146/scores.json,/Users/shahrukh/Documents/Shahrukh_Thesis/Alien-Abduction/results/active_pair_checks/gpt-4.1-mini/logic_active_pair_checks/experiment.json,/Users/shahrukh/Documents/Shahrukh_Thesis/Alien-Abduction/results/active_pair_checks/gpt-4.1-mini/logic_active_pair_checks/instance_00146/interactions.json,4,False,0,0,4,0.0,failure,aborted,0.0,10,0.6666666666666666,5,wrong,False,True
active_pair_checks,gpt-4.1-nano,active_pair_checks,numbers,numbers_active_pair_checks,absolute_value,2,True,1,False,False,True,0.0,0.0,1,1,0,0,0,0.0,0,1,15,0.0,0,,100,/Users/shahrukh/Documents/Shahrukh_Thesis/Alien-Abduction/results/active_pair_checks/gpt-4.1-nano/numbers_active_pair_checks/instance_00002/instance.json,/Users/shahrukh/Documents/Shahrukh_Thesis/Alien-Abduction/results/active_pair_checks/gpt-4.1-nano/numbers_active_pair_checks/instance_00002/scores.json,/Users/shahrukh/Documents/Shahrukh_Thesis/Alien-Abduction/results/active_pair_checks/gpt-4.1-nano/numbers_active_pair_checks/experiment.json,/Users/shahrukh/Documents/Shahrukh_Thesis/Alien-Abduction/results/active_pair_checks/gpt-4.1-nano/numbers_active_pair_checks/instance_00002/interactions.json,100,False,0,0,100,0.0,failure,aborted,0.0,1,0.06666666666666667,14,wrong,False,True
active_pair_checks,gpt-4.1-nano,active_pair_checks,numbers,numbers_active_pair_checks,add_one,8,True,1,False,False,True,0.0,0.0,1,0,1,1,0,0.0,0,0,15,0.0,0,,100,/Users/shahrukh/Documents/Shahrukh_Thesis/Alien-Abduction/results/active_pair_checks/gpt-4.1-nano/numbers_active_pair_checks/instance_00008/instance.json,/Users/shahrukh/Documents/Shahrukh_Thesis/Alien-Abduction/results/active_pair_checks/gpt-4.1-nano/numbers_active_pair_checks/instance_00008/scores.json,/Users/shahrukh/Documents/Shahrukh_Thesis/Alien-Abduction/results/active_pair_checks/gpt-4.1-nano/numbers_active_pair_checks/experiment.json,/Users/shahrukh/Documents/Shahrukh_Thesis/Alien-Abduction/results/active_pair_checks/gpt-4.1-nano/numbers_active_pair_checks/instance_00008/interactions.json,100,False,0,0,100,0.0,failure,aborted,0.0,1,0.06666666666666667,14,wrong,False,True
active_pair_checks,gpt-4.1-nano,active_pair_checks,numbers,numbers_active_pair_checks,clamp_to_0_9,14,True,1,False,False,True,0.0,0.0,1,1,0,0,0,0.0,0,1,15,0.0,0,,100,/Users/shahrukh/Documents/Shahrukh_Thesis/Alien-Abduction/results/active_pair_checks/gpt-4.1-nano/numbers_active_pair_checks/instance_00014/instance.json,/Users/shahrukh/Documents/Shahrukh_Thesis/Alien-Abduction/results/active_pair_checks/gpt-4.1-nano/numbers_active_pair_checks/instance_00014/scores.json,/Users/shahrukh/Documents/Shahrukh_Thesis/Alien-Abduction/results/active_pair_checks/gpt-4.1-nano/numbers_active_pair_checks/experiment.json,/Users/shahrukh/Documents/Shahrukh_Thesis/Alien-Abduction/results/active_pair_checks/gpt-4.1-nano/numbers_active_pair_checks/instance_00014/interactions.json,100,False,0,0,100,0.0,failure,aborted,0.0,1,0.06666666666666667,14,wrong,False,True
active_pair_checks,gpt-4.1-nano,active_pair_checks,numbers,numbers_active_pair_checks,is_even,20,True,1,False,False,True,0.0,0.0,1,0,1,1,0,0.0,0,0,15,0.0,0,,100,/Users/shahrukh/Documents/Shahrukh_Thesis/Alien-Abduction/results/active_pair_checks/gpt-4.1-nano/numbers_active_pair_checks/instance_00020/instance.json,/Users/shahrukh/Documents/Shahrukh_Thesis/Alien-Abduction/results/active_pair_checks/gpt-4.1-nano/numbers_active_pair_checks/instance_00020/scores.json,/Users/shahrukh/Documents/Shahrukh_Thesis/Alien-Abduction/results/active_pair_checks/gpt-4.1-nano/numbers_active_pair_checks/experiment.json,/Users/shahrukh/Documents/Shahrukh_Thesis/Alien-Abduction/results/active_pair_checks/gpt-4.1-nano/numbers_active_pair_checks/instance_00020/interactions.json,100,False,0,0,100,0.0,failure,aborted,0.0,1,0.06666666666666667,14,wrong,False,True
active_pair_checks,gpt-4.1-nano,active_pair_checks,numbers,numbers_active_pair_checks,sign_label,26,True,1,False,False,True,0.0,0.0,1,0,1,1,0,0.0,0,0,15,0.0,0,,100,/Users/shahrukh/Documents/Shahrukh_Thesis/Alien-Abduction/results/active_pair_checks/gpt-4.1-nano/numbers_active_pair_checks/instance_00026/instance.json,/Users/shahrukh/Documents/Shahrukh_Thesis/Alien-Abduction/results/active_pair_checks/gpt-4.1-nano/numbers_active_pair_checks/instance_00026/scores.json,/Users/shahrukh/Documents/Shahrukh_Thesis/Alien-Abduction/results/active_pair_checks/gpt-4.1-nano/numbers_active_pair_checks/experiment.json,/Users/shahrukh/Documents/Shahrukh_Thesis/Alien-Abduction/results/active_pair_checks/gpt-4.1-nano/numbers_active_pair_checks/instance_00026/interactions.json,100,False,0,0,100,0.0,failure,aborted,0.0,1,0.06666666666666667,14,wrong,False,True
active_pair_checks,gpt-4.1-nano,active_pair_checks,two_numbers,two_numbers_active_pair_checks,min_value,32,True,1,False,False,True,0.0,0.0,1,0,1,1,0,0.0,0,0,15,0.0,0,,100,/Users/shahrukh/Documents/Shahrukh_Thesis/Alien-Abduction/results/active_pair_checks/gpt-4.1-nano/two_numbers_active_pair_checks/instance_00032/instance.json,/Users/shahrukh/Documents/Shahrukh_Thesis/Alien-Abduction/results/active_pair_checks/gpt-4.1-nano/two_numbers_active_pair_checks/instance_00032/scores.json,/Users/shahrukh/Documents/Shahrukh_Thesis/Alien-Abduction/results/active_pair_checks/gpt-4.1-nano/two_numbers_active_pair_checks/experiment.json,/Users/shahrukh/Documents/Shahrukh_Thesis/Alien-Abduction/results/active_pair_checks/gpt-4.1-nano/two_numbers_active_pair_checks/instance_00032/interactions.json,100,False,0,0,100,0.0,failure,aborted,0.0,1,0.06666666666666667,14,wrong,False,True
active_pair_checks,gpt-4.1-nano,active_pair_checks,two_numbers,two_numbers_active_pair_checks,max_value,38,True,1,False,False,True,0.0,0.0,1,0,1,1,0,0.0,0,0,15,0.0,0,,100,/Users/shahrukh/Documents/Shahrukh_Thesis/Alien-Abduction/results/active_pair_checks/gpt-4.1-nano/two_numbers_active_pair_checks/instance_00038/instance.json,/Users/shahrukh/Documents/Shahrukh_Thesis/Alien-Abduction/results/active_pair_checks/gpt-4.1-nano/two_numbers_active_pair_checks/instance_00038/scores.json,/Users/shahrukh/Documents/Shahrukh_Thesis/Alien-Abduction/results/active_pair_checks/gpt-4.1-nano/two_numbers_active_pair_checks/experiment.json,/Users/shahrukh/Documents/Shahrukh_Thesis/Alien-Abduction/results/active_pair_checks/gpt-4.1-nano/two_numbers_active_pair_checks/instance_00038/interactions.json,100,False,0,0,100,0.0,failure,aborted,0.0,1,0.06666666666666667,14,wrong,False,True
active_pair_checks,gpt-4.1-nano,active_pair_checks,two_numbers,two_numbers_active_pair_checks,sum_two,44,True,1,False,False,True,0.0,0.0,1,0,1,1,0,0.0,0,0,15,0.0,0,,100,/Users/shahrukh/Documents/Shahrukh_Thesis/Alien-Abduction/results/active_pair_checks/gpt-4.1-nano/two_numbers_active_pair_checks/instance_00044/instance.json,/Users/shahrukh/Documents/Shahrukh_Thesis/Alien-Abduction/results/active_pair_checks/gpt-4.1-nano/two_numbers_active_pair_checks/instance_00044/scores.json,/Users/shahrukh/Documents/Shahrukh_Thesis/Alien-Abduction/results/active_pair_checks/gpt-4.1-nano/two_numbers_active_pair_checks/experiment.json,/Users/shahrukh/Documents/Shahrukh_Thesis/Alien-Abduction/results/active_pair_checks/gpt-4.1-nano/two_numbers_active_pair_checks/instance_00044/interactions.json,100,False,0,0,100,0.0,failure,aborted,0.0,1,0.06666666666666667,14,wrong,False,True
active_pair_checks,gpt-4.1-nano,active_pair_checks,two_numbers,two_numbers_active_pair_checks,abs_diff,50,True,1,False,False,True,0.0,0.0,1,0,1,1,0,0.0,0,0,15,0.0,0,,100,/Users/shahrukh/Documents/Shahrukh_Thesis/Alien-Abduction/results/active_pair_checks/gpt-4.1-nano/two_numbers_active_pair_checks/instance_00050/instance.json,/Users/shahrukh/Documents/Shahrukh_Thesis/Alien-Abduction/results/active_pair_checks/gpt-4.1-nano/two_numbers_active_pair_checks/instance_00050/scores.json,/Users/shahrukh/Documents/Shahrukh_Thesis/Alien-Abduction/results/active_pair_checks/gpt-4.1-nano/two_numbers_active_pair_checks/experiment.json,/Users/shahrukh/Documents/Shahrukh_Thesis/Alien-Abduction/results/active_pair_checks/gpt-4.1-nano/two_numbers_active_pair_checks/instance_00050/interactions.json,100,False,0,0,100,0.0,failure,aborted,0.0,1,0.06666666666666667,14,wrong,False,True
active_pair_checks,gpt-4.1-nano,active_pair_checks,two_numbers,two_numbers_active_pair_checks,first_minus_second,56,True,1,False,False,True,0.0,0.0,1,0,1,1,0,0.0,0,0,15,0.0,0,,100,/Users/shahrukh/Documents/Shahrukh_Thesis/Alien-Abduction/results/active_pair_checks/gpt-4.1-nano/two_numbers_active_pair_checks/instance_00056/instance.json,/Users/shahrukh/Documents/Shahrukh_Thesis/Alien-Abduction/results/active_pair_checks/gpt-4.1-nano/two_numbers_active_pair_checks/instance_00056/scores.json,/Users/shahrukh/Documents/Shahrukh_Thesis/Alien-Abduction/results/active_pair_checks/gpt-4.1-nano/two_numbers_active_pair_checks/experiment.json,/Users/shahrukh/Documents/Shahrukh_Thesis/Alien-Abduction/results/active_pair_checks/gpt-4.1-nano/two_numbers_active_pair_checks/instance_00056/interactions.json,100,False,0,0,100,0.0,failure,aborted,0.0,1,0.06666666666666667,14,wrong,False,True
active_pair_checks,gpt-4.1-nano,active_pair_checks,string,string_active_pair_checks,reverse_str,62,True,1,False,False,True,0.0,0.0,1,0,1,1,0,0.0,0,0,15,0.0,0,,100,/Users/shahrukh/Documents/Shahrukh_Thesis/Alien-Abduction/results/active_pair_checks/gpt-4.1-nano/string_active_pair_checks/instance_00062/instance.json,/Users/shahrukh/Documents/Shahrukh_Thesis/Alien-Abduction/results/active_pair_checks/gpt-4.1-nano/string_active_pair_checks/instance_00062/scores.json,/Users/shahrukh/Documents/Shahrukh_Thesis/Alien-Abduction/results/active_pair_checks/gpt-4.1-nano/string_active_pair_checks/experiment.json,/Users/shahrukh/Documents/Shahrukh_Thesis/Alien-Abduction/results/active_pair_checks/gpt-4.1-nano/string_active_pair_checks/instance_00062/interactions.json,100,False,0,0,100,0.0,failure,aborted,0.0,1,0.06666666666666667,14,wrong,False,True
active_pair_checks,gpt-4.1-nano,active_pair_checks,string,string_active_pair_checks,first_char,68,True,1,False,False,True,0.0,0.0,1,0,1,1,0,0.0,0,0,15,0.0,0,,100,/Users/shahrukh/Documents/Shahrukh_Thesis/Alien-Abduction/results/active_pair_checks/gpt-4.1-nano/string_active_pair_checks/instance_00068/instance.json,/Users/shahrukh/Documents/Shahrukh_Thesis/Alien-Abduction/results/active_pair_checks/gpt-4.1-nano/string_active_pair_checks/instance_00068/scores.json,/Users/shahrukh/Documents/Shahrukh_Thesis/Alien-Abduction/results/active_pair_checks/gpt-4.1-nano/string_active_pair_checks/experiment.json,/Users/shahrukh/Documents/Shahrukh_Thesis/Alien-Abduction/results/active_pair_checks/gpt-4.1-nano/string_active_pair_checks/instance_00068/interactions.json,100,False,0,0,100,0.0,failure,aborted,0.0,1,0.06666666666666667,14,wrong,False,True
active_pair_checks,gpt-4.1-nano,active_pair_checks,string,string_active_pair_checks,add_exclamation,74,True,1,False,False,True,0.0,0.0,1,0,1,1,0,0.0,0,0,15,0.0,0,,100,/Users/shahrukh/Documents/Shahrukh_Thesis/Alien-Abduction/results/active_pair_checks/gpt-4.1-nano/string_active_pair_checks/instance_00074/instance.json,/Users/shahrukh/Documents/Shahrukh_Thesis/Alien-Abduction/results/active_pair_checks/gpt-4.1-nano/string_active_pair_checks/instance_00074/scores.json,/Users/shahrukh/Documents/Shahrukh_Thesis/Alien-Abduction/results/active_pair_checks/gpt-4.1-nano/string_active_pair_checks/experiment.json,/Users/shahrukh/Documents/Shahrukh_Thesis/Alien-Abduction/results/active_pair_checks/gpt-4.1-nano/string_active_pair_checks/instance_00074/interactions.json,100,False,0,0,100,0.0,failure,aborted,0.0,1,0.06666666666666667,14,wrong,False,True
active_pair_checks,gpt-4.1-nano,active_pair_checks,string,string_active_pair_checks,uppercase_str,80,True,1,False,False,True,0.0,0.0,1,0,1,1,0,0.0,0,0,15,0.0,0,,100,/Users/shahrukh/Documents/Shahrukh_Thesis/Alien-Abduction/results/active_pair_checks/gpt-4.1-nano/string_active_pair_checks/instance_00080/instance.json,/Users/shahrukh/Documents/Shahrukh_Thesis/Alien-Abduction/results/active_pair_checks/gpt-4.1-nano/string_active_pair_checks/instance_00080/scores.json,/Users/shahrukh/Documents/Shahrukh_Thesis/Alien-Abduction/results/active_pair_checks/gpt-4.1-nano/string_active_pair_checks/experiment.json,/Users/shahrukh/Documents/Shahrukh_Thesis/Alien-Abduction/results/active_pair_checks/gpt-4.1-nano/string_active_pair_checks/instance_00080/interactions.json,100,False,0,0,100,0.0,failure,aborted,0.0,1,0.06666666666666667,14,wrong,False,True
active_pair_checks,gpt-4.1-nano,active_pair_checks,string,string_active_pair_checks,remove_space,86,True,1,False,False,True,0.0,0.0,1,0,1,1,0,0.0,0,0,15,0.0,0,,100,/Users/shahrukh/Documents/Shahrukh_Thesis/Alien-Abduction/results/active_pair_checks/gpt-4.1-nano/string_active_pair_checks/instance_00086/instance.json,/Users/shahrukh/Documents/Shahrukh_Thesis/Alien-Abduction/results/active_pair_checks/gpt-4.1-nano/string_active_pair_checks/instance_00086/scores.json,/Users/shahrukh/Documents/Shahrukh_Thesis/Alien-Abduction/results/active_pair_checks/gpt-4.1-nano/string_active_pair_checks/experiment.json,/Users/shahrukh/Documents/Shahrukh_Thesis/Alien-Abduction/results/active_pair_checks/gpt-4.1-nano/string_active_pair_checks/instance_00086/interactions.json,100,False,0,0,100,0.0,failure,aborted,0.0,1,0.06666666666666667,14,wrong,False,True
active_pair_checks,gpt-4.1-nano,active_pair_checks,list,list_active_pair_checks,list_len,92,True,1,False,False,True,0.0,0.0,1,0,1,1,0,0.0,0,0,15,0.0,0,,100,/Users/shahrukh/Documents/Shahrukh_Thesis/Alien-Abduction/results/active_pair_checks/gpt-4.1-nano/list_active_pair_checks/instance_00092/instance.json,/Users/shahrukh/Documents/Shahrukh_Thesis/Alien-Abduction/results/active_pair_checks/gpt-4.1-nano/list_active_pair_checks/instance_00092/scores.json,/Users/shahrukh/Documents/Shahrukh_Thesis/Alien-Abduction/results/active_pair_checks/gpt-4.1-nano/list_active_pair_checks/experiment.json,/Users/shahrukh/Documents/Shahrukh_Thesis/Alien-Abduction/results/active_pair_checks/gpt-4.1-nano/list_active_pair_checks/instance_00092/interactions.json,100,False,0,0,100,0.0,failure,aborted,0.0,1,0.06666666666666667,14,wrong,False,True
active_pair_checks,gpt-4.1-nano,active_pair_checks,list,list_active_pair_checks,ret_first_item,98,True,1,False,False,True,0.0,0.0,1,0,1,1,0,0.0,0,0,15,0.0,0,,100,/Users/shahrukh/Documents/Shahrukh_Thesis/Alien-Abduction/results/active_pair_checks/gpt-4.1-nano/list_active_pair_checks/instance_00098/instance.json,/Users/shahrukh/Documents/Shahrukh_Thesis/Alien-Abduction/results/active_pair_checks/gpt-4.1-nano/list_active_pair_checks/instance_00098/scores.json,/Users/shahrukh/Documents/Shahrukh_Thesis/Alien-Abduction/results/active_pair_checks/gpt-4.1-nano/list_active_pair_checks/experiment.json,/Users/shahrukh/Documents/Shahrukh_Thesis/Alien-Abduction/results/active_pair_checks/gpt-4.1-nano/list_active_pair_checks/instance_00098/interactions.json,100,False,0,0,100,0.0,failure,aborted,0.0,1,0.06666666666666667,14,wrong,False,True
active_pair_checks,gpt-4.1-nano,active_pair_checks,list,list_active_pair_checks,sum_list,104,True,1,False,False,True,0.0,0.0,1,0,1,1,0,0.0,0,0,15,0.0,0,,100,/Users/shahrukh/Documents/Shahrukh_Thesis/Alien-Abduction/results/active_pair_checks/gpt-4.1-nano/list_active_pair_checks/instance_00104/instance.json,/Users/shahrukh/Documents/Shahrukh_Thesis/Alien-Abduction/results/active_pair_checks/gpt-4.1-nano/list_active_pair_checks/instance_00104/scores.json,/Users/shahrukh/Documents/Shahrukh_Thesis/Alien-Abduction/results/active_pair_checks/gpt-4.1-nano/list_active_pair_checks/experiment.json,/Users/shahrukh/Documents/Shahrukh_Thesis/Alien-Abduction/results/active_pair_checks/gpt-4.1-nano/list_active_pair_checks/instance_00104/interactions.json,100,False,0,0,100,0.0,failure,aborted,0.0,1,0.06666666666666667,14,wrong,False,True
active_pair_checks,gpt-4.1-nano,active_pair_checks,list,list_active_pair_checks,count_zeros,110,True,1,False,False,True,0.0,0.0,1,0,1,1,0,0.0,0,0,15,0.0,0,,100,/Users/shahrukh/Documents/Shahrukh_Thesis/Alien-Abduction/results/active_pair_checks/gpt-4.1-nano/list_active_pair_checks/instance_00110/instance.json,/Users/shahrukh/Documents/Shahrukh_Thesis/Alien-Abduction/results/active_pair_checks/gpt-4.1-nano/list_active_pair_checks/instance_00110/scores.json,/Users/shahrukh/Documents/Shahrukh_Thesis/Alien-Abduction/results/active_pair_checks/gpt-4.1-nano/list_active_pair_checks/experiment.json,/Users/shahrukh/Documents/Shahrukh_Thesis/Alien-Abduction/results/active_pair_checks/gpt-4.1-nano/list_active_pair_checks/instance_00110/interactions.json,100,False,0,0,100,0.0,failure,aborted,0.0,1,0.06666666666666667,14,wrong,False,True
active_pair_checks,gpt-4.1-nano,active_pair_checks,list,list_active_pair_checks,rmv_duplicates,116,True,1,False,False,True,0.0,0.0,1,0,1,1,0,0.0,0,0,15,0.0,0,,100,/Users/shahrukh/Documents/Shahrukh_Thesis/Alien-Abduction/results/active_pair_checks/gpt-4.1-nano/list_active_pair_checks/instance_00116/instance.json,/Users/shahrukh/Documents/Shahrukh_Thesis/Alien-Abduction/results/active_pair_checks/gpt-4.1-nano/list_active_pair_checks/instance_00116/scores.json,/Users/shahrukh/Documents/Shahrukh_Thesis/Alien-Abduction/results/active_pair_checks/gpt-4.1-nano/list_active_pair_checks/experiment.json,/Users/shahrukh/Documents/Shahrukh_Thesis/Alien-Abduction/results/active_pair_checks/gpt-4.1-nano/list_active_pair_checks/instance_00116/interactions.json,100,False,0,0,100,0.0,failure,aborted,0.0,1,0.06666666666666667,14,wrong,False,True
active_pair_checks,gpt-4.1-nano,active_pair_checks,logic,logic_active_pair_checks,logic_and,122,True,1,False,False,True,0.0,0.0,1,0,1,1,0,0.0,0,0,15,0.0,0,,4,/Users/shahrukh/Documents/Shahrukh_Thesis/Alien-Abduction/results/active_pair_checks/gpt-4.1-nano/logic_active_pair_checks/instance_00122/instance.json,/Users/shahrukh/Documents/Shahrukh_Thesis/Alien-Abduction/results/active_pair_checks/gpt-4.1-nano/logic_active_pair_checks/instance_00122/scores.json,/Users/shahrukh/Documents/Shahrukh_Thesis/Alien-Abduction/results/active_pair_checks/gpt-4.1-nano/logic_active_pair_checks/experiment.json,/Users/shahrukh/Documents/Shahrukh_Thesis/Alien-Abduction/results/active_pair_checks/gpt-4.1-nano/logic_active_pair_checks/instance_00122/interactions.json,4,False,0,0,4,0.0,failure,aborted,0.0,1,0.06666666666666667,14,wrong,False,True
active_pair_checks,gpt-4.1-nano,active_pair_checks,logic,logic_active_pair_checks,logic_or,128,True,1,False,False,True,0.0,0.0,1,0,1,1,0,0.0,0,0,15,0.0,0,,4,/Users/shahrukh/Documents/Shahrukh_Thesis/Alien-Abduction/results/active_pair_checks/gpt-4.1-nano/logic_active_pair_checks/instance_00128/instance.json,/Users/shahrukh/Documents/Shahrukh_Thesis/Alien-Abduction/results/active_pair_checks/gpt-4.1-nano/logic_active_pair_checks/instance_00128/scores.json,/Users/shahrukh/Documents/Shahrukh_Thesis/Alien-Abduction/results/active_pair_checks/gpt-4.1-nano/logic_active_pair_checks/experiment.json,/Users/shahrukh/Documents/Shahrukh_Thesis/Alien-Abduction/results/active_pair_checks/gpt-4.1-nano/logic_active_pair_checks/instance_00128/interactions.json,4,False,0,0,4,0.0,failure,aborted,0.0,1,0.06666666666666667,14,wrong,False,True
active_pair_checks,gpt-4.1-nano,active_pair_checks,logic,logic_active_pair_checks,logic_xor,134,True,1,False,False,True,0.0,0.0,1,0,1,1,0,0.0,0,0,15,0.0,0,,4,/Users/shahrukh/Documents/Shahrukh_Thesis/Alien-Abduction/results/active_pair_checks/gpt-4.1-nano/logic_active_pair_checks/instance_00134/instance.json,/Users/shahrukh/Documents/Shahrukh_Thesis/Alien-Abduction/results/active_pair_checks/gpt-4.1-nano/logic_active_pair_checks/instance_00134/scores.json,/Users/shahrukh/Documents/Shahrukh_Thesis/Alien-Abduction/results/active_pair_checks/gpt-4.1-nano/logic_active_pair_checks/experiment.json,/Users/shahrukh/Documents/Shahrukh_Thesis/Alien-Abduction/results/active_pair_checks/gpt-4.1-nano/logic_active_pair_checks/instance_00134/interactions.json,4,False,0,0,4,0.0,failure,aborted,0.0,1,0.06666666666666667,14,wrong,False,True
active_pair_checks,gpt-4.1-nano,active_pair_checks,logic,logic_active_pair_checks,not_value,140,True,1,False,False,True,0.0,0.0,1,0,1,1,0,0.0,0,0,15,0.0,0,,2,/Users/shahrukh/Documents/Shahrukh_Thesis/Alien-Abduction/results/active_pair_checks/gpt-4.1-nano/logic_active_pair_checks/instance_00140/instance.json,/Users/shahrukh/Documents/Shahrukh_Thesis/Alien-Abduction/results/active_pair_checks/gpt-4.1-nano/logic_active_pair_checks/instance_00140/scores.json,/Users/shahrukh/Documents/Shahrukh_Thesis/Alien-Abduction/results/active_pair_checks/gpt-4.1-nano/logic_active_pair_checks/experiment.json,/Users/shahrukh/Documents/Shahrukh_Thesis/Alien-Abduction/results/active_pair_checks/gpt-4.1-nano/logic_active_pair_checks/instance_00140/interactions.json,2,False,0,0,2,0.0,failure,aborted,0.0,1,0.06666666666666667,14,wrong,False,True
active_pair_checks,gpt-4.1-nano,active_pair_checks,logic,logic_active_pair_checks,implies,146,True,1,False,False,True,0.0,0.0,1,0,1,1,0,0.0,0,0,15,0.0,0,,4,/Users/shahrukh/Documents/Shahrukh_Thesis/Alien-Abduction/results/active_pair_checks/gpt-4.1-nano/logic_active_pair_checks/instance_00146/instance.json,/Users/shahrukh/Documents/Shahrukh_Thesis/Alien-Abduction/results/active_pair_checks/gpt-4.1-nano/logic_active_pair_checks/instance_00146/scores.json,/Users/shahrukh/Documents/Shahrukh_Thesis/Alien-Abduction/results/active_pair_checks/gpt-4.1-nano/logic_active_pair_checks/experiment.json,/Users/shahrukh/Documents/Shahrukh_Thesis/Alien-Abduction/results/active_pair_checks/gpt-4.1-nano/logic_active_pair_checks/instance_00146/interactions.json,4,False,0,0,4,0.0,failure,aborted,0.0,1,0.06666666666666667,14,wrong,False,True
